"","seq"
"1",">hg19_snp146_rs13410848 range=chr2:217290543-217290743 5'pad=100 3'pad=100 strand=+ repeatMasking=none "
"2","ACCATTCGATTGGCTAAAAGGCATTGAGGAAGTTCTTATTCTGGGTTGTGGACTCCACCTGGAACTGACAGCCTGGTTTTCAGGTTTCAGTCTGTCTTTGGCTTAAAGGTTGGGTTTCACTGTGGACCCACCCCTGTCTGCCTAGGAAGTTGTCTGCCTCCTGCTGTTATCAGCTGGAATTATAGGCGCATATCCCCATGG"
"3",">hg19_snp146_rs2271334 range=chr2:217297250-217297450 5'pad=100 3'pad=100 strand=- repeatMasking=none "
"4","TATGGCAAAACTGAAGGCAGACAAGGTGAGGATGGCACATTTCCCGGGGCATGAGTTCATCTGCCCTCATGTCCGGTGGGTCAGCACTGCTGGGTGAAGGCCACTTCACTGGCCAGCCCGGGCCCAGCCCACCACCAGACTTGCTCCCCAGAAGGAAAGGTACATAGGCCAAATAGGGAGCAGAATAAAAAAGAGAGAGAG"
"5",">hg19_snp146_rs11686241 range=chr2:217298105-217298305 5'pad=100 3'pad=100 strand=+ repeatMasking=none "
"6","CACTTAATTTTTAAAATATTTTTACCTCCTGTATTTTCCTCAATCCCATGACAGTCCTGTGCAGTAGGTACAATAGATAGTAACCCCATTTATAGATGAGAAAATGGAATCTCAGAGGTTAAGCTCCATGCTTCCTCTTAATGAGGAGCCCTGGCGGATCTTGATGTGGCATCTTCTGACTTCCCAACTCAGGGGTTTTGC"
"7",">hg19_snp146_rs34338586 range=chr2:217299296-217299496 5'pad=100 3'pad=100 strand=+ repeatMasking=none "
"8","GGCCTGTAGTCTCAGCAACTTGGGAAGCTGTGGCAGGAGGATTGCTTGAGGCCAGTACTTCAAGACCAGTCTGAACAACATACTGAGACCCATCTCTTTGAAAAAAAAAAAGAAAGAAAGAAATTAGCCAAGTATGGTGGTGTGCACCTGTAGTCCCAGCAACTTGGGAGGCTGAGGCGGGAGGATCACTTGAGCCTAGGA"
"9",">hg19_snp146_rs13411858 range=chr2:217306598-217306798 5'pad=100 3'pad=100 strand=+ repeatMasking=none "
"10","TAGTTTAGTTGTCTTTTGTCTACACTGGCTTTTATTGTTAAACTAGTGTAATAACAAAATTAAAAATTTTTCAAAGGGAAAGGCCCCTAGAGTCCTACCATTCTTTCCTAAGAAGCAGCTGTTTCTCTTTTTCTGTAAGTAGAGAGTACTTTTTATATCTCTGTTGATTGGCTGGATGAGATAGTGGCTAAAAGGTATAAG"
"11",">hg19_snp146_rs55671904 range=chr2:217313355-217313555 5'pad=100 3'pad=100 strand=+ repeatMasking=none "
"12","TTCAATTAAAGCTTGTTGGATTGTGACTATCCCAAGGTCAAGTTTAAAATTTTTGCCGCATGCAGCGGTACACACATGTAGTCCCAGCTACTCTGCAGGCTGAGGCACGAGAATCGCTTCAACCCAGGAGGCAGAGGTTGTAGTGAGCCAAGGTCATGCCACTGCACTCCAGCCTGGGCGACAGAGTAAGACTCTGTCTCA"
"13",">hg19_snp146_rs6753061 range=chr2:217319974-217320174 5'pad=100 3'pad=100 strand=+ repeatMasking=none "
"14","CTCTGTAGACTCCACCTCTGGAGGCAGGGCATAGCCAAACAAAAGGCAGCAGAAACCTCTGCAGACTTAAATGTCCCTGTCTGACAGCTTTGAAGAGAGTAGTGGTTCTTCCAGCATGGAGTTTGAGATCTGAGAACGGATAGACTGCCTCCTCAAGTGGGTCCCTGACCCCTGAGTTGCCTAACTGGGACACACCCCTGA"
"15",">hg19_snp146_rs141835941 range=chr2:217323562-217323762 5'pad=100 3'pad=100 strand=+ repeatMasking=none "
"16","CAGGCAGGAGAAAGAAATAAAGGGTATTCAATTAGGAAAAGAGGAAGTCAAATTGTCCCTGTTTGCAGATGACATGATTGTATATCTAGAAAGCCCCATCGTCTCAGCCCCAAATCTCCTTAAGCTGATAAGCAACTTCAGCAAAGTCTCAGGATACAAAATCAATGTGCAAAAATCACAAGCATTCTTATACACCAATAA"
"17",">hg19_snp146_rs13388532 range=chr2:217328621-217328821 5'pad=100 3'pad=100 strand=+ repeatMasking=none "
"18","TGGACGTGGTGGCACATGCCTGTAAGTCCCAGCTACTCGGAGGCTGAGACGGGAGAATCGCTTGAACCTGGGAGGCAGAGGCTGCAGTGAGCCGAGATCGCGCCACTGCACTCCAGCCTGGGCGAGACAGAGCGAGACTTTGTCTCAAAAAAATAAAAAATAAGATAAAATAAAATGATAGTAAAATAGACTAGTCAGGGT"
"19",">hg19_snp146_rs284530 range=chr2:217333439-217333639 5'pad=100 3'pad=100 strand=- repeatMasking=none "
"20","ACATGGTGAAACCCCGTCTCTACTAAAAATACAAAAATTAGCCAGGTGAGGTGGTGTAGTCCCAGCTACTTGGAAGGCTGAGGCACGAGAATCACTTGAACCTGAGAAGCGGAGGCTACAGTGAGCTGAGATCCTGCCACTGCACTCCAGCATGGGCAACACAGCAAGACTCTGCCTCAAAATAAAAAAACCTTGAAATAA"
"21",">hg19_snp146_rs284525 range=chr2:217337819-217338019 5'pad=100 3'pad=100 strand=- repeatMasking=none "
"22","AAGTACATCCTGAATGTCCTTTTCTCCACATTTATATTCCATTATATTCCATATTTATATAAAATTCTAAAAATCCGCAAACTAATCCTTAGTGACAGACCGTAGACCAGAGGTTGCTTGAGGATGGGAGGGTGAGGGAAGGGGCAGGAGGGCGTGATTACAAAGGAAAACTCTGGGGGTGGGGGCAGCGGGTGGCAGATA"
"23",">hg19_snp146_rs284524 range=chr2:217342673-217342873 5'pad=100 3'pad=100 strand=+ repeatMasking=none "
"24","GCAGCATTTATTTCCTACACATCTTCCATTAGAAAGAATATTGAACCTGATGATATTCTTAGCCCTAAATTGGAGTTTTTACAAATGAGAGGGGGCAAATTTTTCAAGATGGGTGTTTGCACCTTGAGAGATGCAGAGATGTGAAACCGTAAACAAGCCGTTGTCCCATAAGAACAAGGAGGGTGGCCTCATTTTCATTAG"
"25",">hg19_snp146_rs909330 range=chr2:217344990-217345190 5'pad=100 3'pad=100 strand=+ repeatMasking=none "
"26","AAGAAAATGTTGCTTCCAATATAGGAGACAAAAGCAGAAGAGGTTATATCTCACTGAGATAGCCTTCCTTCTGAGAGGGGAAATGAAATATTAATCTGATCTTGGAACTCGCTTCCAATTAATTATGCATGCCCCGAGTCAGCATACAGTGTTGCCATCATCATAATCAAATGCACATTAGCAGCTTTTTCTACTTGGAAT"
"27",">hg19_snp146_rs8179823 range=chr2:217348026-217348226 5'pad=100 3'pad=100 strand=+ repeatMasking=none "
"28","ACAAATATTTATAGGGCACCTAATTTGTGCAGGCACTGTCCTAGGTGTTGGTAGTCATTCATCCAACAAAAGACAAAAGCGTGAGCCTTTGCCGAACTTACGCAGCGGGAGAGGCAATGGTTGTAGGTTCTCTTTTCCAATATAACTCTTCATGGACACTGAAATTTGAATTTTATTAATGTTCACGTATCACAAATTATT"
"29",">hg19_snp146_rs16856226 range=chr2:217349577-217349777 5'pad=100 3'pad=100 strand=+ repeatMasking=none "
"30","CCCAACATAGCAACACCCTGTCTCTATTTAATAAAATAAAATAAAAAATATTTCACGCCAATGCATGTGCAGAAAATAGAGCAAGAAAAGTGGGCAGGGGTAACGCTTAGGTAGGAAGCTATGGAGCTACTGCGATTATCCGTGGGGTTGGTGCTGGGGTGTGGCTGAGTATGGGTCGAACCATGGAGGAGATGAGAAGTG"
"31",">hg19_snp146_rs284572 range=chr2:217364439-217364639 5'pad=100 3'pad=100 strand=+ repeatMasking=none "
"32","GATGTCTGTGCATCTAATACCATTCTACTTGTTCTGCGAGGGATTTTTGTTTGATAAAGGTTTGAACGTTTATGTGCAAAATACTGCATTACAGCAATCCCTGTTTTGTTTTTGAGGGAGAAAGGGAGGCTTTCACATCCCTGACAATAAGGTGAATCCAAATTTAGACTTCTGGATGCTTGTAAGAGAAAATACTTACTT"
"33",">hg19_snp146_rs3108223 range=chr2:217366895-217367095 5'pad=100 3'pad=100 strand=- repeatMasking=none "
"34","GTATATGTATATCCTTTAGTATATCTTTTACCTTCAGAAACTTTTTTTTGGAGACAGAGTGTTGTCCTGGCTAAATAAAGTGCAGTGGCACGATCCTGGCCCACTGCAACCTCCGCCTCGTAGGTTCAAGTGATTCTTGTGCCTGAGCCTCCAAAGTAGCTGGGATTACAGGCATGTGCCACCATACCAAGCTATTTTTTG"
"35",">hg19_snp146_rs284537 range=chr2:217373600-217373800 5'pad=100 3'pad=100 strand=- repeatMasking=none "
"36","GCTCATGCCTGTAATCTCAGTACTTTAGGAGGCCAAGGTAGGTGTATCACTTGAGCCCAGGAGTTCAAGATCAGCCTGGGCAACCTGGCAAGACCCCATCCCTACAAAAAATACAAAAAAATTAGCTGGGCATGGTGGCACCTGCCTATAGTCTCAGTTACTCAGGAGGCTGAGGTGGGAGGATCGCTCGAGCCTAGGAGG"
"37",">hg19_snp146_rs487276 range=chr2:217385836-217386036 5'pad=100 3'pad=100 strand=- repeatMasking=none "
"38","ATAGATCATCAAGAGAGGGCCAAGGAGAATGAGAATGTCCCCTTGAAAATATTTTGGGCCTCTGTCTACCAAAAGAAGGGCAATAATATGGAAGGACGCATGAGGGTCTGTTGGCTGCATGGTCTTTGTTGCGTGGTCTACCTGGGCACAGGATATGGGAAGCCTGGGTGTGTTCCACCAATGCTGTTCTATAAAAGGCGT"
"39",">hg19_snp146_rs11886888 range=chr2:217289313-217289513 5'pad=100 3'pad=100 strand=+ repeatMasking=none "
"40","CTGGGTTCCTTCCTTTTGTCTCCTTCTTATGTGACTTACTATGTGACATTGGGTAAATAATTAAACATTCTGGGTCCCATTGTCCCTTTAGTAAAAAAAGCGGTGGTCTTTAATCTCTATCTGCTCTCCTGACATAGGAATTAAATATAAAGGAAGAGCCTTTGGTTCCTTGAGCAAAACTTGCTGTGAACTACATGATTA"
"41",">hg19_snp146_rs4674088 range=chr2:217389625-217389825 5'pad=100 3'pad=100 strand=+ repeatMasking=none "
"42","TGGTTTTTTGAGATGGAGTCTCACTCTGTTGCCAGGCTGGAGTGCAATGGCACGATCTTGGCTCACTGCAACCTTCATCTCTTGGATTCAAGCGATTCTCTTGCCTCAGCCTCCTGAGTAGCCGGGACTACAGGCATGCGCCACTCACGCCCAGCTAATTTTTGTATTTTTAGTAGAGACGGGGGTTTCACTATGTTGGCC"
"43",">hg19_snp146_rs7625163 range=chr3:31175401-31175601 5'pad=100 3'pad=100 strand=+ repeatMasking=none "
"44","TCTTCCAAAATACAAGTAATAGTGGCTGACTCCCTTGCTCAGCAAACTGTGAACAGTAGCCTTTGTTTCTTCTCATTTTGCTTGTTGTCATTTACTTCCATCTTCCACTAGAAAAGAGAACCTTAAAAGTTAATGTTTATTGCCCCATAGAACATTAACCAGTTTTCTATATAGCCTAGCAATCTTATTTTAACATTTTTT"
"45",">hg19_snp146_rs7897626 range=chr10:12246375-12246575 5'pad=100 3'pad=100 strand=+ repeatMasking=none "
"46","GCTGAGATAGTGACATTTTTGCTTTCTGAATATTGTATAAAATTACCTTTGAGCCATGTGTATAAGATGTATGTGACACTGACACATAAATGATTTTTTTAAATTTTTTAATTTTTAGTTTTTGTGGGTACATAGTGTACATATTTATGGGGAACAAGAGATGTTTTGATCCAGGAATGCAATGTGACATTAGCACATCGT"
"47",">hg19_snp146_rs11257595 range=chr10:12246665-12246865 5'pad=100 3'pad=100 strand=+ repeatMasking=none "
"48","ATTGACTATAGTCACTCTATTGTTCTGTCAAGTAGTAGGTCTGTGGTCGGGTGCTGTGGCTCATGCCTGTAATTCCAGCACTTTTGGAGGCTCAGGTGGGCAGATCACCTGAGGTCAGGAGTTCAAGACCAGCCTGGCCCAACATGGTGAAACCCCGTCTCAACTAAAACTACAAAAATTAGCTGGGCATGGTGGCAGGCG"
"49",">hg19_snp146_rs4750186 range=chr10:12248438-12248638 5'pad=100 3'pad=100 strand=+ repeatMasking=none "
"50","CACTATAGAACAGTTCTTAGCTTTGACTGGTTCTTAGCTTTGTGAATCTGGAAAAGCAAGAATTACAAAGAGTTGATTAAAACTTGGGGAAGGCCGGGTGCAGTGGCTCATGCCTGTAATCCCAGCACTTTGGGAGGCCAAGGCGGTTCGATTATCTGAGGCCAGCAGTTTGAGACCAGACTGACCAACATGGCGAAACCC"
"51",">hg19_snp146_rs2895504 range=chr10:12244512-12244712 5'pad=100 3'pad=100 strand=+ repeatMasking=none "
"52","CCTGGAGGAGCATCAGATCCCACAGGTTGAGGCTCAGTCTCACAAAGACTGCCCCCCACTCTGATGTCAGCTGCAAGCCCCAGGTGCCTCTACCTGTGCAACTGACCAGGCGGCTAGAAATGAGGGTCCCTCCTTGGGTTTGATTCATTTGCTAGAGCAGCTCGCAGAACTGAGGGAAACATTTACTTCGGTTTACCGGTT"
"53",">hg19_snp146_rs1317549 range=chr10:12245214-12245414 5'pad=100 3'pad=100 strand=- repeatMasking=none "
"54","ATTCACTGAACTCAGTAGAGGTTACCATGGAGAGAAAGTAGGATAAGCATGTTCATTCACTCATTCAACCAATATTTATTGAACCCAGACTATGTGCTAAATTCTAACTGTAAACAAGACTATACCTTATAGAGTCTGGAAAGAAAGGCATGTACTATATGTGGAAGTAATGGAGGATGAGGCATGAAGAATTAGGGTCCA"
"55",">hg19_snp146_rs12414441 range=chr10:12248905-12249105 5'pad=100 3'pad=100 strand=+ repeatMasking=none "
"56","CTGAAATCACGCCACTGCACTCCAGCGTGGGCAACAGAGCGAGACTCCATCTCAAAAAAAAAAAAAAAAAAAGATTGGAAGCATTATTGTATCCATTTTTGCCCATTTAAGGTATTTTTTCTCCATTTATTGTGTTAAGTACTTGGTGAGCCCTTTCATTCTAAAGACTTTAATTTTCCTGTTTCAGGATATTAAAAAAGA"
"57",">hg19_snp146_rs12773913 range=chr10:12249124-12249324 5'pad=100 3'pad=100 strand=+ repeatMasking=none "
"58","TAATTTCTTGCTTCTCTTTCTGGATCTCCTATTATTTTGGTGTTTGATCTTTTGGCTTAATTCTCTGAATTTTATTATTTCTTCTCTATTTTCTCTTTCCGTGTCTTTTTTGTTCTACTTTGTAGGTAATTATTTTTCCATTCTATTGAATTTTAAAATTTCAACTATCATGTTTTCAGTGTCTACAAGTTCCTCTGTTCC"
"59",">hg19_snp146_rs56073921 range=chr11:12007730-12007930 5'pad=100 3'pad=100 strand=+ repeatMasking=none "
"60","TACTCTTTTGTTCCTGCCTCCTTTCTGGGAGGCCCTGAATTATGAGACTATGGAAAATTCAGGCTGTTTTCCCTGTGGCTGTATTTTCCACATCGCATCACTGAAATGTGTCAATGGCCAACCTCTTCAGACACGGGAGCATGCCACCCACTTAAAATGCCCCTCTACTGGTTTAGAATGTTCCTTTTCAGCAGCAGCAAG"
"61",">hg19_snp146_rs59987455 range=chr11:12003721-12003926 5'pad=100 3'pad=100 strand=+ repeatMasking=none "
"62","GGAGTCACGGGGGCTCCCTAATCACCATGTGTCAGGGGCGTGGGGACAGTCCTCCTGAAAGAAACACTGGAGGAGAGAGGTCTGGGGAATCATAACAAGCCCTCCTAGGGGAGATGACAGGCCCTGCTGGGTAAAGGGTCTGGGTGACACGTCAGGTCTCCTAGGAGTTGGCAAGTTGGCAGAAACATGTCCCACCAGCTTCCCCG"
"63",">hg19_snp146_rs7188682 range=chr16:31413905-31414105 5'pad=100 3'pad=100 strand=+ repeatMasking=none "
"64","CTATGTATGTGCAAAAAAACCCCACTGTTTTGTTTTTTAAACAGGGTCTTGTTCTGTCATCCAGGCTGCAGTGTGGGGGTGCAATCATAGCTCACTGCAGACTTGATCTCCCAGGCTCAAGTGATCCTCTTTCCTCAGCCTCCTGAGTAGATGGGACTACAGGTGCATGCCACCATGCCTGGCTAATTTTTAAAAATTTTT"
"65",">hg19_snp146_rs56191046 range=chr16:31414157-31414357 5'pad=100 3'pad=100 strand=+ repeatMasking=none "
"66","GCTCAAACAACCCTCCCACCTTGGCCTCTCAAAGTGCTGGGATTACAGGCATGAGTCACTACGCCCAGCCACAAATTCTTGAGAAGGGAGGAAATACACAAATTGATTTAATGTGTGATAAAATTTTTAAAAAGCTAAGGGTAGCAAATATTGTGGTTGGCAAAGTTATTTTTAATAAACTGTGAAGGAAATATCATTTGG"
"67",">hg19_snp146_rs1799756 range=chr16:31439870-31440071 5'pad=100 3'pad=100 strand=- repeatMasking=none "
"68","ACAATATAGTGAGATCCCCGTCTCCAGTATTTAAAAAATCTTTTAAGGTACGAATTATTATACATTTTACAGCTGAAAACACTGAGACTCAAAAAGACACTTAATTCATTCTACAAATATTTATTAAAGCCCAACTGTGTGCCAGCCACCAGGCATAGAATAGGGAACAAAATAGTTTCCCTGCAACTATATAAAAAGAATG"
"69",">hg19_snp146_rs72789324 range=chr16:31440332-31440532 5'pad=100 3'pad=100 strand=+ repeatMasking=none "
"70","TCTGATATAGCCAGAGATGCCTACAGTCTGCACAGTCATAAACAAGTCATTCCGTTGGCCAGCTGCAGTGACACCCCCACAGCTCACACTGCTGGACCCTGGATGCCAAAAGCTTCATTAAGGCTGCCCTGGAAAACCAGAATTTTCCACCCTCATCCCCTCTTGAAAACAGATTCTTCATGAAACCTGTATCCTGGGTCG"
"71",">hg19_snp146_rs72789325 range=chr16:31441094-31441294 5'pad=100 3'pad=100 strand=+ repeatMasking=none "
"72","AAGATATATTTTCAAGAAGGGGCTCTATACCTGTTTCTCATTGGTAATAAACTGAACAGTATGTTCCATCCAACTTTAAGCTGCTGCTATTTTTAAAAAAAATAACCTCCTTGAGCAGTCAAATGTTATACAGTGTTACAAAAATTATTCCTGAGCTCTCACTGAGCTATAATAGAATTCTTCCTACAGTTTTTTTCCCAG"
"73",">hg19_snp146_rs11150621 range=chr16:31406656-31406856 5'pad=100 3'pad=100 strand=+ repeatMasking=none "
"74","GGAGAAGGGAGATGCACTGGGGGTTTGGAGCCTTAGCTCAGCAGCAGCCCCACCTCCCACCGCCTCCTGAAGGGTGGTGAAGGGGTATCAGCTGCTGGCTCCCCCACCCATGTGGGAGCAATGACCGCTGCTACCTTCCGCCCCTGGCATGAGCTGGGTAAAGTCAGTTAGGGGCGCTCACTCTGGGAGTACCCCGAGGGA"
"75",">hg19_snp146_rs116943658 range=chr16:31435266-31435466 5'pad=100 3'pad=100 strand=+ repeatMasking=none "
"76","GCTGGGTCCGCGAGGTGTGTGGGGGCAGCGGCAGAGCCCCTGCCCCAGACTCAGGCAGGACCTGGCATGTCTGTGCCCATCTGCAAGCCAGGGCACCCCCGAAGCTCTGAGCCTCCCCCAGAGCCAGTTCCACAGGTTTCCCCCAACCCCTTTGCAGACATTGCAGAAGAAGGTGTTGGTCGTGAGTGTGGCTGAAATTAC"
"77",">hg19_snp146_rs74972074 range=chr16:31436778-31436978 5'pad=100 3'pad=100 strand=+ repeatMasking=none "
"78","CTGCCTGGATCTATGCTGTCCTGCCACGGGTCGTGTGTGTACCTACTGTGCTCGGGGCCAGCAGATGCTCGATATATGATAGCTGTTCACATAAATGTTCTCGCACACAAACGTAAGTTAGCTTAGTTGTTGCCTCCTCTTCTCTCTCAGCTTCCTCTTATTCCCAATTTTCTTCCCTGCCCTCTTACCCAGCTTTTCTTT"
"79",">hg19_snp146_rs2904911 range=chr17:10073224-10073424 5'pad=100 3'pad=100 strand=- repeatMasking=none "
"80","AATATAAGCAAGAGCTGATGCTGGCTGTGACATGGCTGTCACCACTGGATTTTGGATGTATTTTGAGAGCGAGACCAATGGGATTTGGTAATGGGTTGCACGTATAAGGTTTGAGAGAGAACTCAAAGCGAGTTTCAAGGTTTTTGGCATAAGCAAATGGGAGGAAGGAGCTGGTTTGAAATGAGAAGGTGAGGAACGGAA"
"81",">hg19_snp146_rs2904910 range=chr17:10074201-10074401 5'pad=100 3'pad=100 strand=- repeatMasking=none "
"82","CTTTGCGGCTCAAGTGAAGCTACAGAGAGAGAAATGGTGCCTGGGAGTTAGGAGGACTTTTGCCCTTGGCTGGGACTTAGGCAAATTGCTGAGCTTAGAAGACAATTGATCCCAGTGGTTCGCTGGCTCAGCCACAGAAAGTGCCAGCTGGCCTTTGAGTTGTTCAGGGATCTGTGATGGTATTTATGTGTGGCAGAGGGA"
"83",">hg19_snp146_rs2904912 range=chr17:10069645-10069845 5'pad=100 3'pad=100 strand=- repeatMasking=none "
"84","AATGTAATACATTATAAAAGGAAAGCATCAATACATATTTCATTGAAAAGCTAAAGGAAGAAAACTAGAGAAAGTGAAGGATATTTTCCTAACTTGGTATTTGCAAACTCTGATGCCTGTTTATCAAATTGGAGTTCTCCTTGGGAGTGAGTTGAAGGAGGTCCCTTGGGGCCCCCATCCCCTGGAAAGGAGCTGGTGTGG"
"85",">hg19_snp146_rs2904908 range=chr17:10075397-10075597 5'pad=100 3'pad=100 strand=- repeatMasking=none "
"86","GAAGTCAACCAGGACTGGACCTGAGGAGTGGAATGAGGGCTGCCATGGCAGGCCATCCTATCTGGCTTAGATTTAGAGACTTCTTTTACACATAGCTTTGAGGTCTTTTGCAGTCCAGGAAGTAGCCAGATTGATGGGTAGTTAGGCAGATATTAGAATCCAAACAAGCAGACCCGAGGGACACTTAGGGGAAAGCAGCAG"
"87",">hg19_snp146_rs139676548 range=chr15:59797610-59797810 5'pad=100 3'pad=100 strand=+ repeatMasking=none "
"88","CTGAGGCAGGAGAACGGCTTGAACCCAGGAGGCAGAGGTTGCAGTGAGCCGAGATCACGCCACTGCACTCCAGCCTGGGTGACAGAGTTAGACTCTGTCTCGAAAAAAAAAAAAAAATCACAGAAAGGCGTCATTGATCATCTTAGCCACCTATAGCATGGAAGTAAGTGATTTGCTGGATGGTGTCTGCCTGGAAGTGGA"
"89",">hg19_snp146_rs117452027 range=chr15:59799231-59799431 5'pad=100 3'pad=100 strand=+ repeatMasking=none "
"90","GTGGTTTACCTTAAAAACCATAATGAGGCCAGCTCTTGGAATTCATTTGAACCTCTGTTCAAAAGAATGATGGATAGTGCACTTTCTTTGAGTGGGTTTTGCATTTCAGAGTGTATAAGGAAGCTTTTGCGCATTGTTTTTAAACTTTAATAAGAATCAGCTTTGTTCTTTGTCTGGACAGATGTGATGCCAGCATAGCTA"
"91",">hg19_snp146_rs4468541 range=chr15:59776819-59777019 5'pad=100 3'pad=100 strand=+ repeatMasking=none "
"92","AAGCAAGTAGTGTGCCATGGGCCTTGGGTAAGACTCAGACATTCTGGCTTTAAGGGTGCCTCTGCACTTTCACAGCCGTGGTGGCTGTGAGGAGAGATTTCTTCTGCTTGAGAAAAGCAGAGGGAAAAGTAAAGGGGACTTTGTCTTTAGCTTAGGTACCAGCTTGGCCACAGTGGAGAGGAGCACCAAGAAGTCTTTTGG"
"93",">hg19_snp146_rs61999675 range=chr14:106926046-106926246 5'pad=100 3'pad=100 strand=+ repeatMasking=none "
"94","AGCTCTTAACCTTCCTGAGCAACTTGTCCCAGAGTTAACCCTATGCTCAGTGTGTCTTGAGTGGCCTCTGCAGCCCAGGCCCCTCCTGTCTTCCTGCAGCGAGGTTTTTGTCTGGGCTCTCGCTGACTTCCCCTCACTGTGTATCTTTTGCACAGTAATACAAGGCGGTGTCCTCAGTTCTCAGACTGTTCATTTGCAGAT"
"95",">hg19_snp146_rs2027908 range=chr14:106927900-106928100 5'pad=100 3'pad=100 strand=+ repeatMasking=none "
"96","AGGAGACTGAAAAAGAAAGTGATTCTACATAATTATTAATTTGTGAGGTCCTCAAATACAGGGACTTATTCCTAATGAACAGGGTCCACATAGGTTGAAGAGGTTAACTTGATGCACCCACAAGATGGCTATAGATTCATAACATAAATAATATTCTCTAAACACATGAACACCCATACACATTAGAATAGATGTGCTGGA"
"97",">hg19_snp146_rs34928764 range=chr14:106946941-106947140 5'pad=100 3'pad=100 strand=+ repeatMasking=none "
"98","GATATTCACGAGTGAGGGACAGAGCTGGACATTTTAGTGAATCTCAGAGCTGCAGGGAAAGTACTGTCTTCAGCTACTCTTCTCTGCCTAGACTTGGGACTATTCTATAATTTCCTCACTGGATTAATAATCGGTACCTGTTGAATCCTGTGTCCACTGTTCAATATAACCCGGTAGGGTGGAACAATCGGAAAATCATC"
"99",">hg19_snp146_rs55880504 range=chr14:106948681-106948881 5'pad=100 3'pad=100 strand=+ repeatMasking=none "
"100","ACTATCATTAAGTCCTCTAGGTTGTCATTTGAAACTGCCCAATATTGATAGCATATGGACAAATGAAAACCTCAATAAGTAATTAGCTGAGTGATGTTTAATGTATTGTAGTGTGACCTACTGATGCTGAGCTACACGGTAGTTGTGCTGAAATGAGTGTGGGTAGAGGTCCTCCTCCACATGGTGTAGGTGAGCCTGAGG"
"101",">hg19_snp146_rs61996482 range=chr14:106951909-106952109 5'pad=100 3'pad=100 strand=+ repeatMasking=none "
"102","GCATTTTCTCTTTTCATTTGTAGTTAATCTAGATAATGCCTTCTTGCTTTTTTACATTTTCAAGAAAACAACTGTTTTGCTGATCCCTTTTGTTATTACTTATTTATTTTTGGAGATGGAGTCTTGTTCTGTTGCCAGGCTGGAGTACAGTGGCGCGATCTCGGCTCACTGCAACCTCGGCCTCCCAGATTCGAGGGATTC"
"103",">hg19_snp146_rs59287220 range=chr14:106955763-106955963 5'pad=100 3'pad=100 strand=+ repeatMasking=none "
"104","ACCATGCTGTTTTGGTGACTGTGGCCCTATAGTATAGTTTGAATTCAGGTAATGTGATGCCTCCGGATTTGTTCTTTTTGCTTAGTCTTGCTTTGCCTATCCAAGTCTTTTTTGGTTCCATATGAATTCTAGTTCTGTGAAGAATGATGGTGATATTTTGATGGGAATTGCATTGAATTTGTAGACTGTTTTTGTTTTTAA"
"105",">hg19_snp146_rs8003751 range=chr14:106962691-106962891 5'pad=100 3'pad=100 strand=+ repeatMasking=none "
"106","CATCAGCTTGACTGATTTCTGCTTTTACCTCTCTGCGAATTTTGCATATAGGGTGACAGTTATTAGAAATATTTCCTGTATAGAGTGCGTACATATTTCTATTACTCATATTCCTCAATTGCTTAGCCTATTTTCTGAACAACTTTAAACATCGTAAGCCCTGTAACCTCCTCATTCAGTGAAGCTGCCTCCTCCTTGGGG"
"107",">hg19_snp146_rs12587590 range=chr14:106964465-106964665 5'pad=100 3'pad=100 strand=+ repeatMasking=none "
"108","GCCTGTCATGTGCTGCATGCAGGTGAGTTTTTAAACTTCAGATGAGGAAAATAACATGACCACATAGAAGATGAGGAAATTGAAGACGTCACTTCATCAACCACATTCCGCTGATGAGAACTTTTTACACAGAGAGCCAGGGATGAGCTGGGAAGAGGAAGGGGCTGAGGAAGATCATCCATAGAAGGACACATCCAGCCT"
"109",">hg19_snp146_rs2005645 range=chr14:106966141-106966341 5'pad=100 3'pad=100 strand=- repeatMasking=none "
"110","TATATGTTAATTTGGAGTTTTTCTAACTTCTGGTTTACAATGTCCCTTCCCAGAGAGTAAGATTTTTAAGCTTTTAGTGAGGCTGGAAAAAAAAATTTTTAAAAAAGAGAAATAAGCTTTCCTGTATTAGGCTGACTTATCCCAGCGGCAGCAACAAGCACAGCCCAGACCCAGGAAAAGTCTTAATAATATTATCTAATG"
"111",">hg19_snp146_rs12587347 range=chr14:106969413-106969613 5'pad=100 3'pad=100 strand=+ repeatMasking=none "
"112","CCTTGTCTTACTCTCTGCCATTCTCTTTCAGTTTCCCTACGTTCTCCTTCTCTGACAGAGCCTGTGCATTGTCACACTTTCATCTTTAATTTGTGCATCCCGGAAGTATCATATGTAGTTACAATTGAATCTTAATAATTTAGTGCTCTTCTTTCTATGGAATGTGACCTATATACAGAGTCTCCAGAAGTCAAATTGATG"
"113",">hg19_snp146_rs60703467 range=chr14:106922853-106923053 5'pad=100 3'pad=100 strand=+ repeatMasking=none "
"114","TATTTTTTAGGAATGTGCAGGGTTTGAACAATTCATACCTGCTGAGTTAACCCAGTGCTATACACAAGTCCAGATGGGATGGATTGTGGATGGCCAGGCTCAGAAGAGAGGATAGAGATGGCCAAGTTAGGACCCCAGGGAGGAGCCTGAGGGAGGGAAATCGAGAACCTCTGGAGGGGCCCATGAGTGTGCCTGATCTGT"
"115",">hg19_snp146_rs61996484 range=chr14:106952196-106952396 5'pad=100 3'pad=100 strand=+ repeatMasking=none "
"116","TTCACCATGTTGGCCAAGATGGTCTCAATCACCTGACCTCATGATCCGCCCCCCTCGGCCTCCCAAAAAGCTGGGATTACAGTCATGAGTCACCGCGCCCGGCCTTGCTGATCCTTTATAGAATTTTTTTTCTGTATTTTAAAATTCTGCTCTGATATTTACTGTCTATTTTTTCTACAATTATGAATTCTGTTTGTTCTT"
"117",">hg19_snp146_rs72925406 range=chr18:49159544-49159744 5'pad=100 3'pad=100 strand=+ repeatMasking=none "
"118","TAACACTCTCCTTCAACTCATTTTCAGCTCATGTAAGTTTTTTTCCTCAGGTTCTGTTTGTCTGAAGGAAATGTTTTCTTCCAACATAATATTCTGTACACTGCAGAAGATGTTTTCTTTTGCCTTTTTTAACTGGCCTAACAGATTTTGCATTTTATTGAAATCATTTCTGTGCCATTATTATTCAGTTTTAGTTTACTT"
"119",">hg19_snp146_rs72925408 range=chr18:49160054-49160254 5'pad=100 3'pad=100 strand=+ repeatMasking=none "
"120","TGAGCCACCACACCCAGCCAAAACACTTTTTTTCTTTTAAATTAAGGTTACTACATTTGTATATCTTTCTGTGTATGCTTTTAAAGTTTTTGTGACATTGAGTTACAAGGCTTTGACTCCTGTATCTAAAAAGGACACCAAGTCCTGCTAAATCTTAAGCATTGATAGCGATTAATGCCTCATCTTTAGGCCTGATAGAAG"
"121",">hg19_snp146_rs8087147 range=chr18:49167449-49167649 5'pad=100 3'pad=100 strand=+ repeatMasking=none "
"122","ATCTCCATTATTGCTCATCTTCCTTCTCTGTAGCTCTTGCCATCAGTGTTGATTAATTTCATAAGTAGCAGAAATGACATAATACAATATATTTCTGACAATTCCAGACCAGGAATCCTAGACTCATAAAATTCCAAGGATACAAAGGAACACCAGGAGGTCATCTAACCCAATCCTCTGCTTTCCAGGAAAGAAGTGTTC"
"123",">hg19_snp146_rs12606400 range=chr18:49169904-49170104 5'pad=100 3'pad=100 strand=+ repeatMasking=none "
"124","CTTTGACTTCAGGATCCAATCACTTTTCTATGACTGCAAATGCTCTCCTAAGCGATTAAAATAATTAAATTTTATGCACAATGCGATAGAAAATTAACTTCAGCTCCTCAGCAGGGAAGTAATCTGATCAAAACAATGGGTGAGACAGATGGCCCTGATTTGGGTGTTCAGAGTTAACTGGGGAAGGACAGGAAGGAAGGT"
"125",">hg19_snp146_rs10502923 range=chr18:49171711-49171911 5'pad=100 3'pad=100 strand=+ repeatMasking=none "
"126","CAACCTCTGTTTACTCAACCAATAAAGGGAGTGTGGAAGGATGGTGTCGAGGGAGGACCCCTGACTTCTTAGAAACAGCAACCTTCTGTTCATGCTCAGAATAGATGGCATTGGCTGGTCCACCTGGCCAAAGACAGGGGAAATTTGCAGTGGGTCCAGAAGCAGCATGGTGGGACTGAGAGCATGGAGGTTGGCAGAGTC"
"127",">hg19_snp146_rs10502924 range=chr18:49172079-49172279 5'pad=100 3'pad=100 strand=+ repeatMasking=none "
"128","TCAAAAGCAGCTTAAACTCAACATATCCTTAAGTCAAGTTAATAGAACAAGCTGCTACCTGCACAGGTGGACAGCTCCCCTCAGGATGAGGCACCAAGATTGACTTTCCAACTCTTCAGCACCCTCTCCTTCCCCTTTTCTCTGCCACACATCTTGCCTGTTATTGTGCTTTGACCCCCTCTATTAGCTGACTAAAAGCTT"
"129",">hg19_snp146_rs72925419 range=chr18:49175850-49176050 5'pad=100 3'pad=100 strand=+ repeatMasking=none "
"130","ACAAAAGCAGCTTTAGACACTACATAAACAAATAAGTGTGGCTGAGTTTCAAGAAAACCTTATCTATAGACACTGAAATCCAAATTTCATATGATTTTCATGTGTCACAACATAGTATTCTTCTTTCGATTTTTCTTTTCAACTATTTAAAAATGTAAAAATCATTCTTTCCTGGTGAGTCTGCAAATATGCAGTGCATTG"
"131",">hg19_snp146_rs8093621 range=chr18:49177744-49177944 5'pad=100 3'pad=100 strand=+ repeatMasking=none "
"132","TGGCATACAATGAGCTAGGAGTAACTAGTGGCAGACAAATGTTATATATAGGAAGGGGCTTAAAAGCCAAGCTAGCCATTTTGTCTTATAGTAATGGATAGGTTTCTAAGTAGAGACAAGTCGATGTGAGCAATATTTTAGAAGGGTTTGCATGGCCATGGCATAACATGGTTTAGAAGCTGGGTATGAAAGTCACCTAGG"
"133",">hg19_snp146_rs10502925 range=chr18:49183186-49183386 5'pad=100 3'pad=100 strand=+ repeatMasking=none "
"134","ATTCAGAAGTGACCTTCGAAGTTACTTAGTCCAATGTCCTACCCAAAAGATAGTTTTCTGACTTAGCAAAAGCTAAGGTAAAATGCTAAAGCAGTTTGTACGCAGAAACACATAAGGAATGTGAAATTGGTGTGAGACATTTGTCATGCTGTGGAGAAAGAGCAGGGTCTGAAACAATGGGATTTGTCTGGCACCACACTC"
"135",">hg19_snp146_rs72925485 range=chr18:49186144-49186344 5'pad=100 3'pad=100 strand=+ repeatMasking=none "
"136","ACCAGTGGTGCTACTACATACCTGCCTTCCACCGGGAGCAGTGATTTTGCATCAGAGAGAGCAGGTGGGTCAATTTTGATAATCCAAGCCACCCAGCAAACTTTGATAGCTTCTACAAGCAGTCAGGAGAAATCCCAGCACGCTAAGTGGCTGGTAGGCTTTTCCTAGGATTTAAAGGTCACCTGGGGGTCGCTCTTAATC"
"137",">hg19_snp146_rs17751872 range=chr18:49193238-49193438 5'pad=100 3'pad=100 strand=+ repeatMasking=none "
"138","AATGGCAGGCAGCCAACAGCTCCAGCTCACAAAGACAAGGCTCCCGCCTGAACAGCATGCAGCTCTCTCAAGTCTGGCCTCTGCTGAGAACCTCTGTCCCGCTGCCGGACCTGCAACCCCAAGGCTCCTGCCCTGTCAGTGGCTTCAGTGTGGTCACTGTGGTGAGGAAAATCTGTCCCTTTGCGAAGACACTGAGGCAGG"
"139",">hg19_snp146_rs1394349 range=chr18:49212508-49212708 5'pad=100 3'pad=100 strand=+ repeatMasking=none "
"140","TGACCTCAAAATCAAATTCCAGGTGTTTTCTTATGCAGGCACAGAAAAACAAAAACAAACATTATATGTTCTCACTCATATGTGGGAACTAAAAAAAATCGAATTCCAGGTGTTTTCTTATGCCCTTCAGGATTACACATTTGATCCAAACCAGTCAATTCTTTAGAAATTTATTTTAGAGTAAACAACCTGTCATGGGCA"
"141",">hg19_snp146_rs72927412 range=chr18:49216271-49216471 5'pad=100 3'pad=100 strand=+ repeatMasking=none "
"142","TCCATCCTGTAATTCCCTGACTTCATTAATGATTTTTTTTAATTGTCTTCATCCATTTATACACTTTCTAAACTATAGTTTCTTGGCCTTTTCAGGCACCAATGCATATATATTAATACTTCTTTACCTAAAAATTCAAGTACATAGCATGTTGCTCTTTGTATTAATCTGTGCTTTTACTCATAGATAAAAGAATCCACT"
"143",">hg19_snp146_rs72927424 range=chr18:49218188-49218388 5'pad=100 3'pad=100 strand=+ repeatMasking=none "
"144","CATTAAGTATTCAAATATCAATGAGTTTTGGATTATTTGTGCCACTGCATACCCAATTTTCCCTCTCCTGCATGAATAACCTGCAAGACATCTAGTGCCCCGGGGAGGGGTTGGGGATGGTCTCTTTAGTGGACTCCAATCCAAAGCACATTTTACAGGACTACTCCCTTCACCTGATGCAACTCTCTCCTCCTTTTACAT"
"145",">hg19_snp146_rs8090727 range=chr18:49222795-49222995 5'pad=100 3'pad=100 strand=+ repeatMasking=none "
"146","AAAATCCCTTTCATATAGACATCTATCCTATTAGTTCTGTCCCTCTAGAGAACCCTAATACAGATGGCTAATCGCAAACAACGTTTTGGCACAACTACCTCGCTCTGCAGGAAGCCCCAGCAGCATGACCTCGTTCTACATGGAGCCCCCTTCAGCATGATCCTATGAAACTTCCCTCCAGTCCTTGCTGTAAGATTCTCC"
"147",">hg19_snp146_rs117528916 range=chr18:49232975-49233175 5'pad=100 3'pad=100 strand=+ repeatMasking=none "
"148","TAAGCCCCAGTGAGATGAACCTAGTACCTCAGTTGGAAATGCAGAAATCACCCATCTTCTGCGTTGCTCATGACGGGAGCTGTAGACTGGAGCCGTTCCTATTCGGCCATCTTGGAACCGTCCCCCCAAGAAATTCTCTTTCCTAAGATTAGTGGGATATTTTAGACTCTGGGTTTCCTCCTTTGCTCTACTTGCCAAACC"
"149",">hg19_snp146_rs72912763 range=chr18:49265998-49266198 5'pad=100 3'pad=100 strand=+ repeatMasking=none "
"150","TAAGGATTTAGTGTTTCTGTAAAATATTTTGCAATATTTCTTTTAATGGTGTAAGGTAAGCTAAATGTCAAGTTCGAGAGTTTTTATCCTTGCTTTCTACGTATTGCTGCCATAATCACTTCTCCTAAGTTAGCTGTATGTAAATCCTCATTTCTGAAAATGATGCTCACTTGCACAGAAATATCAAACATAAAATATTTT"
"151",">hg19_snp146_rs200772734 range=chr18:49267184-49267384 5'pad=100 3'pad=100 strand=+ repeatMasking=none "
"152","GGCATTGCCTCACCTGGGAAGCGCAAGGGGTCAGGGAGTTCCCTTTCTGAGTCAAAGAAAGGGGTGACGGACGCACCTGGAAAATCGAGTCACTCCCACCTGAATATTGCGCTTTTCAGACCGGCTTAAAAAACGGTGCACCACGAGACTATATCCCACACCTGGCTCGGAGGGTCCTACGCCCATGGAGTCTCGCTGATT"
"153",">hg19_snp146_rs72925404 range=chr18:49158155-49158355 5'pad=100 3'pad=100 strand=+ repeatMasking=none "
"154","TCTTTGTACCTTGAGATATAAATTTTGCTATCTGATTTTTCACCTAAGAGTTTTTTGCTTCAGTGTGCAGATTTAGGGCTATTTAGCTGACAACTGCCAGGATAATGAAATAGGTTATCAAGTGTTTGCAAGTCTAAGATAGGAAAAAAAAGGAGGTCTTATGAATCTATAAGATGCACTTTTATCAGTATGCCTAATACA"
"155",">hg19_snp146_rs17666226 range=chr18:49166595-49166795 5'pad=100 3'pad=100 strand=+ repeatMasking=none "
"156","AGTCCAGCTTTGATACCTGCACTGCTGACGTCTACTCTGCTGGGAAAAATGGCACACTGAGTCTGGAGATAGTGAAGTGCCTTTTGTATTCACTCCCATCCCTCTAACTGCTCTGTTCTCCTGCCCAGTTGCTTACTCAATATGAGGAGCATAGCAGCGCTAGGCTCTGGAAGAGAGTAGGCAAATATGGCAATAGAAAAT"
"157",">hg19_snp146_rs6733839 range=chr2:127892710-127892910 5'pad=100 3'pad=100 strand=+ repeatMasking=none "
"158","CCTATGCATAGCCAGTGACTTACGCTGACTTTTCTGGAAACTGGGACTTTAAATAGGAGTTTTTAAAAAGGAAAGAAATCTCTGTTCTGCTTCTTAAAAACACCCTTTTCCCCTTTTTACTTTCAGAAGAAGGAACCAGAGAAGACTAGAAACAGGATGGAACGGGAAGGTGGAGGGAGAGGCGAAGGGGAAGTCTCGATG"
"159",">hg19_snp146_rs4663105 range=chr2:127891327-127891527 5'pad=100 3'pad=100 strand=+ repeatMasking=none "
"160","GTGGCACAATCCTGGCTCACTGCAGCCTCGACCTCCCAGGCTCAAGCAATCCTCCTACCTCAGCCTCCTGAGTAGCTGAGAACACAGGTGCATGCCACCAAACCCAGCTAATTTTTTTTATTATTTTTTGTAGAGATGGGGGTCTCACTAAGCTGTCCAGGCTGGTCTTGAACTCCTGGCCTCAGGTGATTCTGCCACCTT"
"161",">hg19_snp146_rs3851179 range=chr11:85868540-85868740 5'pad=100 3'pad=100 strand=- repeatMasking=none "
"162","CTAGGAAGAATACTATTACCCGCTTCATAGGGTTATTGTGAGGTTTACTACTGCAAGGGGTTCAGAACAGAGCCTGCAAACAATACACACTTCAGTAAATATTATCTATCACAACTATTATATGGTGTGTTGACTGCTGACACTGAGGATGACATGGGTAGCAAGAGACTGGGGTGAGTTTTCATCATCATCAACATTTTG"
"163",">hg19_snp146_rs10792832 range=chr11:85867775-85867975 5'pad=100 3'pad=100 strand=+ repeatMasking=none "
"164","GCCAGGAAACCAGAGACACGGGTGCTGAGTGGAAAAGAGAAGTTGGAGCAGGACTCAATGAACATCTTGAGGCCACTTAAAGGAAGTGGGAAAAATGTAGAAGCAAAACATACACAGCAGTGTTAGCTGTAAGTGTGAGAAAGGATGGCCTTCATCTCATCAATTGATGATGTTGATCATCAATGATCAAGGTAAACACAT"
"165",">hg19_snp146_rs4147929 range=chr19:1063343-1063543 5'pad=100 3'pad=100 strand=+ repeatMasking=none "
"166","ACTCATGCTGGCTCCACCCACACCATGGCCCCGCCCCATACTCATGCTGCCCCCACCACACTATGTCCCATTCTCACATTTGCCCTGCCCCATGCCCATTATGCCCCTGCTCCACACTCAATGCTGGCCCCGCCACACTGTGGCCCTGCCCCATACTCATCAATATGAGTCCCCATGCCTACTCTGGCCCCACCCCACAGA"
"167",">hg19_snp146_rs3752246 range=chr19:1056392-1056592 5'pad=100 3'pad=100 strand=+ repeatMasking=none "
"168","ATCCTCCGTGCTCACCTGCCCCCAGGCCCGGCCCGCCACGCCCACAGCATCACCACACTCAACCACCCCTTGAACCTCACCAAGGAGCAGCTGTCTGAGGGTGCACTGTGAGTCCCTCCACCCTGCATGTCCTACCCTGCACGTCCTACCCTGCCTCCATTTCTCTGTCGTTTGGGGTGGTGGGAGCTGGATTTGAACCCT"
"169",">hg19_snp146_rs11218343 range=chr11:121435487-121435687 5'pad=100 3'pad=100 strand=+ repeatMasking=none "
"170","GCTCAGGGTGGTCTCGAACTCCTGGGCTCGAGTGATCCTCCCACCTCGGCCTCCCAAACTGCTGGGATTACAGATGTGAGCCACTGCACCCAGCCGGTAATAGAGTATTTTAAAATAACATCATATTCCATTATTGTTCAGGATCTTGGAACATTGAGTGATATATTGTTCTTTGAATACAAAACACATGTTCCCACATCC"
"171",">hg19_snp146_rs12881735 range=chr14:92932728-92932928 5'pad=100 3'pad=100 strand=+ repeatMasking=none "
"172","GAGAAAACTGAGATACAGAGAGGCTAAATGCTTTCCTAAGCATCCTAATGCTGGCATATGTCAGAGCTGGGATTTGAACCTGGATACCTAGCTTACTGTTTACCACAAAGCTGCAGTACCCCTCAGGCAATCAATTTAATAAGTCTAAATTTAATGGTACAAAAAAATAATAAAAATACCAAAAATTAGATTCTAAAGCTT"
"173",">hg19_snp146_rs36026988 range=chr14:92938282-92938482 5'pad=100 3'pad=100 strand=+ repeatMasking=none "
"174","TAACAGTGTGTATTAGGTCTATGTTCTTATTTTCTGTATTCTTGATGCTCTGGCATCTGAGGCCTCCCTGCCTGGGGAGAAACTGCCCTTCCCAGGGCCCTTCAGTTCTCATAGATAGCAAACAGCTGCCTGCTGGGAGCATGACTTTCATGTGCAAAGCAATCAATCCAAAGCCCTACTCTGAACTGCTTCCTCCATCTG"
"175",">hg19_snp146_rs10498633 range=chr14:92926852-92927052 5'pad=100 3'pad=100 strand=+ repeatMasking=none "
"176","TTCCAGGGCTCAAGGAGAGGGAATTATCGTGTACCAGGCACCTGTTATGTGCCAGGTCTGGGCTTCAGGCACTTAGCAGACAAGATGATCCTCTCAGTCAGTAAACAGTTAGGGCCCAGGCTCTGTTCTGGGCTTTGTGGATCAGGTAGGAACAGGACAGCCATGGTCCCTGCCCTCTGGGAGCTTCTGGGCTTGCAGAGC"
"177",">hg19_snp146_rs141249535 range=chr18:29055089-29055289 5'pad=100 3'pad=100 strand=+ repeatMasking=none "
"178","AGTTATGAAAACAAAGAAGACTTTGAAAAGTAGGATGCTTGCCTCTCATTTGATAACCAAAGATTAGTGGGCAGAGAGGCACGGTTAGAATGGATCTCACATTGAGTTTTGGTATCAATACTGGTAAGTGCCAAGGTCTGACCTAGTATCCAAGCAGACAAAGAGTGATATTGTGTTTGAAGAAAGACTGCAGGGCAGGGG"
"179",">hg19_snp146_rs7229430 range=chr18:29065983-29066183 5'pad=100 3'pad=100 strand=+ repeatMasking=none "
"180","TTGAAATTCTGCATCTCTCAACCAAAGTGCTTACAATTATCATTCTAGGTCATTTGGAAAGATTTTTAAACCCACTATTTTACTTCCAGGTTCACTCTCCGAAGCTACTGCATTGTTTCTATTTCACTTTTTCATTGCACATAAGACTGTCATTGTCTATCTACGAATGAATAATTGCCAAAAACCAGTTTTGTCTGTTTT"
"181",">hg19_snp146_rs74481103 range=chr18:29074945-29075145 5'pad=100 3'pad=100 strand=+ repeatMasking=none "
"182","CACTGTTTTCCATGTTGATGCTCATGCGTCTGTTTGCTCTTGACAGACTATTTCATCAGCAGGCAGATCAACAGGCCAAAATTTCCACCATAACTGCAAACTTGAATGTGGATGAATGGATTACAACATGTTCAAGACTTGCAATGAGAGGCTTTATAATGTATGGTGGTATAATTGATAGTGCTTACCGGGGAGAGTTAA"
"183",">hg19_snp146_rs73414289 range=chr18:29079100-29079300 5'pad=100 3'pad=100 strand=+ repeatMasking=none "
"184","AAAGGGGTTTTAATAAAGTGACAGTTATGCTGCAAATATAGGTGTGAGTTCACCTTCCAGAGAGTTCACAAATATGTGTTTACAGAGATTAGATGCAAAATCATACTCAGTTTTCTTACGTAATAATTAAAAATGCAAATACATTCACTATATTCAAAGTTCTAACTTCCAAAACATGAGCCCTTCTATCCTCGAGTTTTG"
"185",">hg19_snp146_rs56848605 range=chr18:29080547-29080747 5'pad=100 3'pad=100 strand=+ repeatMasking=none "
"186","CTTTCAAATCTCATGTAAATACTAATTGAACCCAAACCCCATTCAGAACGAAGCCTGCAGTGGAGTCTGTGACACATGGTCTTTCGCTTTCCTCAGCAGTGCAGGGAGACACACCAGAAGGTAGCTGTGTCACCCACATAGCTATCAAACATTTAGGCCAGCTGTATCAAAATGGGAAAAAGAAATAATTTTCTGAATAAA"
"187",">hg19_snp146_rs57047618 range=chr18:29081660-29081860 5'pad=100 3'pad=100 strand=+ repeatMasking=none "
"188","AAATTTCCCCATTTTATAAGAACATCGGTTGTACTGGATTATGCCCCAAAATAATGACCTCAGCTTGGTTAAATCTGCAGAGACCCTATTTCCAAATAAGCTCACATTCTGAGGTACTGGTGGTTAGCACTTCAATATATTATCTTTTAGGGGTCATAATTTGATCCATAACAAGTGGATTCAAGTATCTATAAATTATCA"
"189",">hg19_snp146_rs59665004 range=chr18:29082131-29082331 5'pad=100 3'pad=100 strand=+ repeatMasking=none "
"190","GTACTCTCTGATTATTAGAAATCCCCGATAAGCTAAATTAAAGTTTCCAAGGCTAATATTCTGTGGTGTGTGAGTGTAGTGAGCCCTGGGGCGGGCTCACTACAATATAAATATGTATTTATAGAAACTTCCCAATTGATCTAATTGTCAGACAAGTGTAAGCGTGAGAATTACTGGTCTATATTTTGCAAAAAAATCTAT"
"191",">hg19_snp146_rs10502571 range=chr18:29082916-29083116 5'pad=100 3'pad=100 strand=+ repeatMasking=none "
"192","GATGAGAAACTATCTTCTCAGTTTTGTTTTTTATTAAGTTTTTGTCATATGCAAAGCTTGGTGATTAGAGTGAAGAAGCTGGAACAACAGAATTCCTACCGTGGTCGATAGTGAGATGAGAAATGTCCATAAGAAAAGAAACCAGACACATGACCCCTATTTAGTGAATCCCTGCTTGATGCTAGGCAATGTGCTAAACAC"
"193",">hg19_snp146_rs73416205 range=chr18:29083462-29083662 5'pad=100 3'pad=100 strand=+ repeatMasking=none "
"194","AGGAAGATAGGCCTTCAAGCCAACAGAAGCCCAGAAAAGCTACTTGCCAAGGAAGTGTTTTCAGGGAGGTATTCACATCACTAAGTAAATGAAAAGATGGGCTTTGGGTGAGATGGTCAGGAAAGAGTCAAGAAAGAAGAGATAGGATTTGAGTGATTAAGTATAATTGCGCCCAGTTAAAAAGAGAGGCAACAGGCATTG"
"195",">hg19_snp146_rs112745891 range=chr18:29084417-29084616 5'pad=100 3'pad=100 strand=+ repeatMasking=none "
"196","TCAGTTATCGCCTTCCTTTGCTTTCTCAGTATTCTGGGGTTCCTTTCACTTACAGGAACCTGCAGTGCTTCTCACCCCTTTTTATCTGGCCTAGCACGATGGGCAGACGGCAGAGGGGGGGACACAGTACATATATTACTAGGAGACATCAAGTAGGGGTGGGAGACAATGGCAGTGGCCAAGAGGGTGCTGCCCTTAGG"
"197",">hg19_snp146_rs57843942 range=chr18:29085678-29085878 5'pad=100 3'pad=100 strand=+ repeatMasking=none "
"198","GCAGTGGTGCAGTCTCGGCTCACTGCAGCTTCCGCCTCCCAGGTTCCAGCGATTCTCCTGCCTCAACCTCCCGAGTAGCTGGGACTACAGGTGCACGCCACCACGCCCATCTAATTTTTGTATTTTTAGTAGAGACAGAGTTTCACCATGTTGGCCAGAATGGTCTTGGTCTCTTGACCTGGCCCGCCTCAGCCTCCCAAA"
"199",">hg19_snp146_rs59698374 range=chr18:29086349-29086549 5'pad=100 3'pad=100 strand=+ repeatMasking=none "
"200","CAAAACTGTACATATAACTTTCTAAAGCCCTTGATTTTCACTCTTTTCAATTTTGCTGATCCACTTATTTGAGACCAATGAAACGCCTGCTTCCCACTTTAGACCTTGGAATTGCCTGTCGGTTAATTTCTGGTAGTTCCTGCAGTTTGCCTTACTGACAGGCCAGTGCCATCTAATGGTAAAAAAGGACAGTCTGAAGCT"
"201",">hg19_snp146_rs139759817 range=chr18:29087061-29087261 5'pad=100 3'pad=100 strand=+ repeatMasking=none "
"202","CGCAGTGTGTGACGTTCCCCTCCCTGTGTCCATGTGTTCTCGTTGTTCAACTCCCCACTTATAAGTGAGAACATGTGGTGTTTGGTTTTCTGTTCTTGTGTTAGTTTGCTGAGAATGATGGTTTCCAGCTTCATCCATGTCCCTGCAAAGGACATGAGCTCATCCTTTTTTATGGCTGCATAGTATTCCATGGTGTATATG"
"203",">hg19_snp146_rs8093731 range=chr18:29088858-29089058 5'pad=100 3'pad=100 strand=+ repeatMasking=none "
"204","CTTGTTAGATACAAATTCTTGGACCCCATCCAGACCTACTGAGTCAGACACTCTAAGGCGGGACTCAGTAATCTGTGTTTTATCAAGGTGATTCTAATGCCACTCAAGCTTGAAAACCACTGTTAACATCCCAATTAGAAAATAAAAATAACTGGAGTAGAAAAGAAGATTAAATATTAAAAAGCCCTATGTCAAGGGAAA"
"205",">hg19_snp146_rs116526442 range=chr18:29090931-29091131 5'pad=100 3'pad=100 strand=+ repeatMasking=none "
"206","AGGTGACTCAAACTTACAGAGTGGACAGGTTTTTTAAAAAGTGCCAGGGAGTGGGAATGGAGGACTAAGGCAGAGAGTTTCTGCTTGTTCCAGTCATGTTACTTGCAGTATACTACCCACTAGAGATGTACAGAATCTCCACAGTCCTCTGCAGCTTGTATTACTGTCCTGACCCTGGTTATTACAGTAGCTTCCAATCAG"
"207",">hg19_snp146_rs143169439 range=chr18:29122898-29123098 5'pad=100 3'pad=100 strand=+ repeatMasking=none "
"208","CCTTGGATCCAAATGAGACTTTGGGTTTTTTTTTTTTTTCTTTTTTCAGGGAATACTTATAGGCAATAAGGAAAGAGAAATGGGACCCACAGAATCAGTCGGTGTTAGCTAAATTATGCTGCAGTAACCATGATCTTAGTTCTCACACAGGCATATTTCTCACTTACAGTTATGTTTTTGCCAGTCAGTCAGCTCTGCTTT"
"209",">hg19_snp146_rs139544178 range=chr18:29143624-29143824 5'pad=100 3'pad=100 strand=+ repeatMasking=none "
"210","GCTGGCAGCAGGACTGGACTTTCTAAGTCCTGAACATAGAAAGATTTATAACACAGCCCTTGGCTGCAAGGAGCTTATGTTTTCATGGGGTAAAGTAGATGTTTAAAGAAATGATGGCAGCAGAGTGTTATTGTGTAAAGTTCTGACATTCTTTGTTTTTGAAACTTTGCATTTTGATATCTGTCCATTCGAGATTACCCT"
"211",">hg19_snp146_rs117748556 range=chr18:29166626-29166826 5'pad=100 3'pad=100 strand=+ repeatMasking=none "
"212","AAATAAAATATGGTCTAATTAATATATCCTAGATAATGTTTGCCTTTACTTGGATGGCTATTTACATGGACAAGGGAAGAAGGGAAGATAAGGGAAAAGGCTTTTTATGTGTTTATTCAACAATGGCGGAGGAGAGGCATGCCAGATAAGGCAGACACGGGCATTCCAAACACAAGAAAGGTATGTGCTGCAGAGAAGTCA"
"213",">hg19_snp146_rs140136831 range=chr18:29184403-29184603 5'pad=100 3'pad=100 strand=+ repeatMasking=none "
"214","ACACATACTCACACATTATTTGTTCTGTTTCTCTGGAGAACACTGACTTATACAGGTACTGTACTATCATCCACCCTTTGAAGGTCCCTTTGTATGGTAATAGGGAAGACTTGTAGGTTCTGGAGCAGGGGAACAACATGATGGAAGTTGAGTTTAAGAAAACATTTAATCACTGATCATCAGAGAAATGCAAATCAAAAC"
"215",">hg19_snp146_rs61730311 range=chr18:29049038-29049238 5'pad=100 3'pad=100 strand=+ repeatMasking=none "
"216","TTCTTTCTCTACAGCTACCTCGGCCCTCCTCAGAGCCCAGGAACAGATACCTCCTGGAGTATACCACATCTCCCTGGTACTTACAGACAGTCAGAACAATCGGTGTGAGATGCCACGCAGCTTGACACTGGAAGTCTGTCAGTGTGACAACAGGGGCATCTGTGGAACTTCTTACCCAACCACAAGCCCTGGGACCAGGTA"
"217",">hg19_snp146_rs36181881 range=chr2:234055176-234055376 5'pad=100 3'pad=100 strand=+ repeatMasking=none "
"218","CTTTAGCTGGGGAAGAGCAGGGAGCGCATTAGCCAAGAATGGCAGTCAGTTGACCTTTGTCGCTGTGATGGCGGTTCAACGTCAGAACGGGCACCCAGAGACAACTGGGAAATCCCCTTCGGAGGGAAGCTACAAGGGAGGAGTGTCTCATTGGGCCAGGCACCATGTAAACTTTGTCCTTCTCAAAATGGCAGAGATGAG"
"219",">hg19_snp146_rs148967109 range=chr2:234057514-234057714 5'pad=100 3'pad=100 strand=+ repeatMasking=none "
"220","AGTGTCTCAAAGTTCATTTAGAGGGCATGGTTAAGGTTGCCACAATTAGCAGATAAAAATACAGGAGGCCCAGTAAAATTTGAATTTCAGATAAACAACCGATATACTATATGTATGTCCCATGCAATATTTGGGACATACTTATATGCAACAATGATTCACAGTTTTTCTGAAGTTCAAATTTAACTGGGTCTCCTGTAT"
"221",">hg19_snp146_rs36195148 range=chr2:234059065-234059265 5'pad=100 3'pad=100 strand=+ repeatMasking=none "
"222","TCCATTAAAACTCTTTCCTTTATAAATTACCCAGTCTTGGGTATGTCTTTATTAGCAGCGTGAGAACAGACTAATACATCTGTTAAGGAGAGAGGGGTGGCCCCAACTTGGATAAGAGGAGATGGAAACGTTAAGATGAGTGAAGACTGTCAGAGCACCTGATTACTAAAAAACTTAAGATTGAAAGAAACACCTCCCAGG"
"223",">hg19_snp146_rs145770967 range=chr2:234061217-234061417 5'pad=100 3'pad=100 strand=+ repeatMasking=none "
"224","ATTTAAATAGAAAAATATGACAGTAATGGGGAAAAGCCTTTCTGTGGACATGCTGTGCCATTTGAACCGAGACCTGAGTGTCAGGAAGATGCTGGCTGTGCCCAACCCAGGGAAAGAGGCAACTGGGCTCAGTCCCAAGGCAGGAACAAGTATGGCGTGTGAGACGGCTGGGCGGCCAGGACTCAGACAAGGCTGAGGCTG"
"225",">hg19_snp146_rs36149367 range=chr2:234061530-234061730 5'pad=100 3'pad=100 strand=+ repeatMasking=none "
"226","CCACTTCAAAAAGATAACTCTGGCTGCTGTACTGAGAATAAACTATGGGAAGAGAGGAAGAGTGGAGACAGGGACACCAATTAGGAGGCCATGATAGCAGTCAGGCAAGAGGCGGTGGCAGCTGGAGATGGGAAAAGGTGAACGGGGTGGGAACGTTTCAAAGGTAGACCAGCCAGCACCTGCTGATCGATACCATGTAAC"
"227",">hg19_snp146_rs150035249 range=chr2:234064252-234064452 5'pad=100 3'pad=100 strand=+ repeatMasking=none "
"228","GCGAGACTCCATCTCAAAAAATAAATAAATAAATAAATAAATAAATAAATAAATAATAAATAAATAAGACGAGTTCAGGAGGCCCAATATCAAAATAATAAGTGTCAGTAAGAGAAAACAGATTGAGAAAATTTATTAAAGAATTCAGGAAAGAGTCTCAGAACAGAATAACACTTGCCTCCATGTTGAAAATGGCCAAGT"
"229",">hg19_snp146_rs145742767 range=chr2:234065595-234065795 5'pad=100 3'pad=100 strand=+ repeatMasking=none "
"230","GGTCTGTTGTGCTAACTCTTTTCTGAACAAGAGAATCAGAATGACATTGTTTCTCCAGCAATCCTGAAAACTAGAGATGATGGAACAAGGTTCCAGAGTCCGGAGGAGAATTATTTCAAATTTAGAGTTCTGTCAGTTAAGTGTGAGGGTCGAATTCTCAGACACGCAAGGCCTCTAAAAATGTATCACCGATTCTTCCTT"
"231",">hg19_snp146_rs36142198 range=chr2:234066641-234066841 5'pad=100 3'pad=100 strand=+ repeatMasking=none "
"232","GAGGGAGAAGAGGAGGAAGAAGAGGAGAAGGAAGAAGAGAGAGGGGAAGGAGGGAGGCAGGGAGAAAGATGAAAAGACGATCACGCTGTCTCTGCTCTGGACAGGCCAACTCTTGCTTGTTCCAGACATCACCCTCCCCAAGCATGAGCCTCTCTTGGGAAGAGCAGCTGGAAGCAGAGGGAGCTGGGAGACCAGACACAA"
"233",">hg19_snp146_rs36127492 range=chr2:234066869-234067069 5'pad=100 3'pad=100 strand=+ repeatMasking=none "
"234","TTGATAGTCAGGTGCCTGGAACATAATGGAGACCGTCCATATTGGTTGAATGAGTGGATGAATGAATTAATGAATTTCTTTTCTCTTAAGTCCTGCAGCTCATTAAGTCACAGAAATTTCTGAATAAGTTGGTGATCTTGGTGGAAACAGAGAAGGAGAAGATCCTGCGGAAGGAATATGTTTTTGCTGACTCCAAAGTAA"
"235",">hg19_snp146_rs28669088 range=chr2:234068605-234068805 5'pad=100 3'pad=100 strand=+ repeatMasking=none "
"236","GCCCAGACAGGTGGTGGGAGATGGAGAGAAAGACCGCTGGGCTGGAATGCTTTCTGAGCACCTGGGCATAGGTTCAAACACCAGCTCTGCCCCATTGCTGCGACCTCAAAAGGACTGAGGCACAGGGATAAATGGAGGCCATGAATCTTGAGCCACTCCCAACTCGAGGCAGGTTATAGTAAAGATGGTCATTATGACATC"
"237",">hg19_snp146_rs145096292 range=chr2:234070798-234070998 5'pad=100 3'pad=100 strand=+ repeatMasking=none "
"238","CCTAGGCAGCTCACCAAGGGGCCCCAGGCCTGAGAGAAAGAAGTCCACCCTGAGTAGGGTTGCCAGATTTATCAGGAGAGAGACAGAGAGAGACAGAGAGATAGGTACGTAGACAAAGGATGCCCAGTTAAATTTTAACTTCATAGAAACAATTTTTTTTAGTATATGTTTAGCTACAAACAAATAAATACTAAATATATA"
"239",">hg19_snp146_rs7607736 range=chr2:234074201-234074401 5'pad=100 3'pad=100 strand=+ repeatMasking=none "
"240","TATGTGTGTGTGTCCATGCATGTGTGTTTGTGAGTGTGTGTTTATGTGCATCTGTGTGTGAGTGTACCACCCCGTATCTATGAGTGTGTGAGAGTCCATGCATGTGTTTGTGAGTGTGTTTATGTGAGTCTATGTATGTGAGTCCATGTATGAGTGTACCACCCCATATCTATGAGTGTGTGAGTATCTGTGAGTCCATGT"
"241",">hg19_snp146_rs6715767 range=chr2:234074717-234074917 5'pad=100 3'pad=100 strand=+ repeatMasking=none "
"242","GTCCACCCCCACTCGTCCCCCTTCCTTCCTGCCACAGTAGAAGGGTGGGGCTGGCGTGGCTATCCTGGCTGCGCCCACGCCCTCCTGCTGCCCAGCAACCGCCCCGGGTGTGGATTCCATCGCTCCCTGGGCTTCCAGTCCCTCCCACCAGCCCCTGCCCCGCTGTGCAGAATATGCTCGGACCTCCTAGGGCCACATAAA"
"243",">hg19_snp146_rs7558417 range=chr2:234075164-234075364 5'pad=100 3'pad=100 strand=+ repeatMasking=none "
"244","AAAGGCCTGGCCAGAGTCCCAGCTTTATGACCATTGCAGGGCAGCTTCTGGGCTGTGCAGCTCACACACACCTTCCCCTCCTTCCCCTCCTTCCCCTCCTCTCTGCCCTGGGGCCAGCCTCCCTCCTCCACTCCCCTGAAATGGCTCCCAGCCATAATTAGCACAGGACAGAAACAGCAAATGCTGGTCGGTGTGGTAGGC"
"245",">hg19_snp146_rs7570320 range=chr2:234075591-234075791 5'pad=100 3'pad=100 strand=+ repeatMasking=none "
"246","CTGCACTCCAGCCTGGGTGACAGAGCGAGACTCTATCTCAAAAAAAAAAAAAAGTCCTTAGAACAACCAAGGCCTTTCTAAGAGTGTGCCCTAAGCAAGGCTGTGTGCTGAATGCTTTGAATCATCTCATTTGATATAAACACCCTGCTAGGCACGATGGCTCATGCCTATAATCCCACACTTTGGGAGGCCAAGGTGGGA"
"247",">hg19_snp146_rs11386687 range=chr2:234077959-234078158 5'pad=100 3'pad=100 strand=+ repeatMasking=none "
"248","GGAGCCGTGGGGGTGTCGTTCATGTTCAATGGAACCTCCTTAGGGTTCGTCAACAGCCACTTGACTTCAGGAAGTGAAAAGAAACTCAGGTAATGGAACTCCTTCCCCCCAAGAGTGTGCATTTGGGCTGTCTGCCCAGACACGCCTCACACCTTTAAGCACCAGAAGGACCTGCTCAGCTCCTGCCTTTGACCTTGTGG"
"249",">hg19_snp146_rs10754947 range=chr2:234078482-234078682 5'pad=100 3'pad=100 strand=+ repeatMasking=none "
"250","CCCTTTGCATCCTGGCTGTGCCATATTTGCACACTAAGGAGTTCTGCTGCAGCAGGGCTGGAGGGCTAAGTCTCACTTCCCCCCACCTGCTATGCTCCTCGCCCCACACCTATGGCAGGAGTGACTTCCTGCCACAGTGGAGGGGGAACCAGTGACCCCGTGCTAGATGGCCGCTTTTTCCTTGCATTAGGCGAAACCAAA"
"251",">hg19_snp146_rs6431237 range=chr2:234080453-234080653 5'pad=100 3'pad=100 strand=+ repeatMasking=none "
"252","CAGAATGTGACAATGCCAGGGCAGGGAAGGATCAGGGAAGCCAGCCCCTGGCAGGATTCAAGGGTCAAATGGCTGGGACGGTGAGGTACCCAGGCCCACTAGAAGCCTAGGGCAATGGAGCGCAAGTTCAAAGTGTCATCTGAAAGAGTTCTGGGCCCCATCTGGGCTCAGGAGAAAGTGAAGAACTGGACGTGGGAGAGG"
"253",">hg19_snp146_rs6431239 range=chr2:234080839-234081039 5'pad=100 3'pad=100 strand=+ repeatMasking=none "
"254","AGCAGGTCCTTGGGGATCCCTGTGCAGGCTGGTGAAGGATGGTTTGCTTTGATGTGAGTTTAAGTTGAGGCAGAGGAGGGCCTGAGATGGGAGAGTGGCCGGTCCTAGATGCCAGGATGACAGGCCACAGGGGGCCACTGCAAGCTCTGCCGGGCACTGGTGCATCAGAGTGGCATGTGCAGAATTGTGGTGGGCATTGTG"
"255",">hg19_snp146_rs58724346 range=chr2:234081130-234081330 5'pad=100 3'pad=100 strand=+ repeatMasking=none "
"256","CAGTGAAAATGAAAGAAAGGGGGAAATCAGGATATATTGCGAGACCTGATTGCCATTGATAAAAACTGGAAAATCACAAGGCGGAGCTGGCTTGAAGGGGAAAAAAATAGAACTTGTTTTCAGACTTACTGATTGTGTGACATCAGTGGAAGAACCCAGAGAAAATACCCAGAAGGCAGCTGAAAATAGCGATGCGTCGCT"
"257",">hg19_snp146_rs36189208 range=chr2:234054904-234055104 5'pad=100 3'pad=100 strand=+ repeatMasking=none "
"258","CTGCGGCTTCTCTTGGTCTCCTCTTTGGTCCCCTCTTTGCATGGAGAATGCCCAGATGCACAGGCTCGGCGTCCCCTTGACCCTCTGTCTCTAACGCTGCTGCCCACAGGTCAAGGCCTTGCTGCACGAGGGTCCTGAGTCTCCGCACCGGCCCTCCCTTATCCCTCCAGTCACCTTTGAGGTAAGTGGCCATGGGACAGC"
"259",">hg19_snp146_rs149294471 range=chr2:234063680-234063880 5'pad=100 3'pad=100 strand=+ repeatMasking=none "
"260","CAGATTCTACAGATAAAAAGAAATGGGCCTGTGGAATAACAGAATTATATCTAGAAAGGAACAGTAAGAGAATAAAATGAAAGTGAAAAAGGATGAGGAGAAAGAGAGAAGGGGGAAGAAGGGGAAAGGGAAAGGAAGGACAACTCTGGGGCAATAAAAAATATTATAGCAGTAATTAAAAAAAATAAGAACCCAATGGAA"
"261",">hg19_snp146_rs146095751 range=chr2:234064025-234064225 5'pad=100 3'pad=100 strand=+ repeatMasking=none "
"262","TTGGGAGGCCAAGGCAGGTGGAACACTTGAGGTCAGGAGTTCAAGACCAGCCTGGCCAACATGGTAAAACCCCACCTCTACTAAAAATACAAAATTAGATGGGCATGGTGGTGCACGCCTGTGATCCCAGCTACTCGGGAGGCTGAGGCAGGAGAATTGCTTGAACCCAGGAGGCAGAGGTTGCGGTGAGCCAAGATCCAC"
"263",">hg19_snp146_rs36155219 range=chr2:234066435-234066636 5'pad=100 3'pad=100 strand=+ repeatMasking=none "
"264","TCCATTAAGAGAGTTGAAATTGGTTGCCTGTAGGGAGCTGGACATTGAAGAGAGGTTGGGTTGTGGAGGACTATTGTTTGCAAAAACCTTATAGAACAACTTGACTCTTTTAATTGTTGATGACAGTAAAATGTAAAATTAAATTTAGATATAAATTAAAAACAAAGCAAAAGAAGGAAAGGAGGAAGAGTAAGGAAGAAAG"
"265",">hg19_snp146_rs36181983 range=chr2:234067126-234067326 5'pad=100 3'pad=100 strand=+ repeatMasking=none "
"266","AGGCTCGCTGTGTGCCAGGGAGTGTATCATTAGCTCACTCAGTTCCCAGAACAACCCATTTCACACCTGGGAAAGGTGAACTTAGAGAAGTTGAGGATCATGTTCCAGGTTGGCCTGGATTTGAGCCATCACTGTCTCAGGAGTAGGGAGGCTTCCCACTTTGCCCAGCTGCCTCCCAGCCTCGAGGCCACATCCTTTATG"
"267",">hg19_snp146_rs36177526 range=chr2:234067719-234067919 5'pad=100 3'pad=100 strand=+ repeatMasking=none "
"268","CTGGATTTAAATCTGAGTCTCGACTGGAGCTCCATCCCAGAGACTTTCATTTCTACACTTTGCCCCGCTCTGCAGAAGTGAGATGCCCCTGCCAGGATGGGTTCCTGGGGTAAGAGGTGCTGTGGGCCACTGGGGAAACCCAGGCTGGGCCTCTGTGCCCCCACAGTGGGTTCTTTGTGACCTGACCCCTCATCTCAGAAA"
"269",">hg19_snp146_rs35349669 range=chr2:234068376-234068576 5'pad=100 3'pad=100 strand=+ repeatMasking=none "
"270","GGGTGTCCATCACATCAGGTGCTGGCTGACATCTCACATCAGGGACCCCCAGCAAGGCCAAGGGACAAGCGCTTCTGGTGCAGGCCCACAGTGATAGCTTCCCACTGAGTGCCCAGTCTCCGCTCCTACTTTCACCTCCAAAGCATCAGGGGTGGGCTGGTGGGAGGTCTAAGGTGTCCAGAGCTGTCAGGAATAATAGGG"
"271",">hg19_snp146_rs75322627 range=chr2:234068092-234068292 5'pad=100 3'pad=100 strand=+ repeatMasking=none "
"272","CCAGCACTTTGGGAGGCTGAGGCGGGACGGTTGCCCGAGACCAAGAGTTCGAGACTAGCCTGTGCAAGATGGTGAGACCTCATCTCTACGAAAAAAAAAATAGCTGGGTGTGGTGGCATGAGCCTGTAGTTTCAGCTACTTGGGAGGCTGAAGTGGGAGGATCGCTTGAACCCAGGAGTTTGAGGCTGCAGTGAGCTATGA"
"273",">hg19_snp146_rs28534487 range=chr2:234069166-234069366 5'pad=100 3'pad=100 strand=+ repeatMasking=none "
"274","GCAAATGTTTAAAATAAAAACACTCGTATACCATGAGTTAATCTGGGACTATGCCCCTTCCAGATGTTTTTTAATTTTCTCTTTCTTTCTTCCTTCCCTTCTTTCTTTCTTTTTCTGTTTCTTTTCTTTTCTGAGACAGGGTCTTGTTCAGTTGCCCCGGCTGAAGTGCAGTGGCAAGATCATGGCTCACTGCAACCTCAA"
"275",">hg19_snp146_rs28459768 range=chr2:234069412-234069612 5'pad=100 3'pad=100 strand=+ repeatMasking=none "
"276","GAGGGACTACAGGCATGCACCACCATGCCTGGCTAATTTTTTTATTTTTTGTAGAGGCAGGGTTCCCCTATGTTGCCCAGGCTGGTCTCAAACTCCTGGGATCAAACAATCCTTCTGCCTCAGCCTCCCAAAGTCCTGGGATTACAGGCATGAGCCACTGTGCCAGGCCCAAATGTTTTATTAAAAATGCAATGATGCTAT"
"277",">hg19_snp146_rs28478933 range=chr2:234069664-234069864 5'pad=100 3'pad=100 strand=+ repeatMasking=none "
"278","ACCTGTCCTTGTTGGCAAGATAGTTCTGGATCACACTTGTTAAACACTGTGATATTCTAGTTTATGGATGGTCTAGAATACTTTTTTTTTTTGAGACAGACTCTAGCTCTGTTACCCAGGCTGGAGTGCAATGATGCGATCCTGGCTCACTGCAACCTCCACCTCCTGGGTTCAAGCAATTCTTCTGCCTCAGCCTCCCGA"
"279",">hg19_snp146_rs28605534 range=chr2:234070071-234070271 5'pad=100 3'pad=100 strand=+ repeatMasking=none "
"280","GGACAGTAAGGTTGCTTCTGATTTTTTTCTGTGCTGAGGCCTGTGCTGCAGAGCCGTGACAGGGTTGGACTTCTGCGCAGCTCCTGATCACTTTGTTAAAGTCGCACCTTTGCAGGGGAGTGTCTAGGCCAGAAGCCACTCGCTTATGACTTTGGACACATGTTTCCAGGTTGCTGTCCTGGAAGTTCACACTGATTTACG"
"281",">hg19_snp146_rs28609111 range=chr2:234070090-234070290 5'pad=100 3'pad=100 strand=+ repeatMasking=none "
"282","GATTTTTTTCTGTGCTGAGGCCTGTGCTGCAGAGCCGTGACAGGGTTGGACTTCTGCGCAGCTCCTGATCACTTTGTTAAAGTCGCACCTTTGCAGGGGAGTGTCTAGGCCAGAAGCCACTCGCTTATGACTTTGGACACATGTTTCCAGGTTGCTGTCCTGGAAGTTCACACTGATTTACGCTCCTCTCAGTTTTCTTGA"
"283",">hg19_snp146_rs7607812 range=chr2:234071042-234071242 5'pad=100 3'pad=100 strand=+ repeatMasking=none "
"284","CTAAATAAGTGTAATTATTATATTAAATATGAATTATACTAAGTAATATTAGTTTAAGCATACAGCTAATAATATACTAAATATATGCTAAATATATTTTGTATTAAACATATATATTGTGTATTTACTAAACACATGCACTCTACTAAATATAAATAATACTAAATAATTTTTTAGTGTAAGTGTTCAGGTAGAAATAAA"
"285",">hg19_snp146_rs7568027 range=chr2:234071141-234071341 5'pad=100 3'pad=100 strand=+ repeatMasking=none "
"286","TGTATTAAACATATATATTGTGTATTTACTAAACACATGCACTCTACTAAATATAAATAATACTAAATAATTTTTTAGTGTAAGTGTTCAGGTAGAAATAAATTAGATAGAAGACATCCAGATAAACTTATTCTAAAAACTACCAGTTTATCTGAAATTGGAATTTCACTGGGTGTCGTGTGTCCCCTACCCTTGTCCTGA"
"287",">hg19_snp146_rs7581787 range=chr2:234077140-234077340 5'pad=100 3'pad=100 strand=+ repeatMasking=none "
"288","TGTCACAATGCTTCAGCTCTGCCATCGTAGTCTGAAAGCAGCTACAGACAATCCAGAAGTCAATAGGCATGGCTGTGTTCCAGTAACGTGTTCTTTACGAACACTGAAATTTGAATTTCGTATTTTCATGAATGACAAAAGATGGTTTTTCTTTTGATTTGTTTCCAACCATTTACAAATGTAAAACCATTTGTAGCTGGC"
"289",">hg19_snp146_rs7568389 range=chr2:234082284-234082484 5'pad=100 3'pad=100 strand=+ repeatMasking=none "
"290","AATTAAGACGTAGGCTGGGCACCGTGGCTTATGCCTGTAATCCCAGCATTTTGGGAGACCGAGGTGGGTGAGTCACCTGAGGTCAAGAGGTCGAGACCAGCCTGGCCAACATGGCAAAACTCTTGTCTCTACTAAAAATACAAAAATTAGCTAGGCGTAGTGGTGTGCACCTGTAATCCCAGCTACTTGGGAGACTGAGAC"
"291",">hg19_snp146_rs190982 range=chr5:88223320-88223520 5'pad=100 3'pad=100 strand=+ repeatMasking=none "
"292","GGAAATAGCAACAAAAATTAAAAACTGCAGAAAACTTACTAATTTTTAAACTACTTTTAAGTGTAGTTTTCTATGTGCTCTTCACAAATTACTCAAAGATGAACCAGGACAGGAATTATTAAAGTCTTTTTAATAGATGGGGAAAATAAGACTCAGTAAAAAAGAGACTTAGCTAAAGTCACATAACCTAGTGGACCAAGT"
"293",">hg19_snp146_rs304132 range=chr5:88215494-88215694 5'pad=100 3'pad=100 strand=- repeatMasking=none "
"294","GAATTTGACAAAGATTCATTCTTGTTGCATTCTATTAAGAGTAAATATTATACATCCAGTAATCAGTGAACCATGTCCACCAAGTGATAAGAAGTTCTGGTTGTAGACTTTAACCCTAGGATAGGATTTAACACCATCTGTTCTGTATAACATTTGGAACTAACTTCATAATTATAATAAACATCTACATTAGAAATTCCT"
"295",">hg19_snp146_rs4723711 range=chr7:37844163-37844363 5'pad=100 3'pad=100 strand=+ repeatMasking=none "
"296","ATACCTCCCCATAAAATTAAGGACAAGAATTCAGCCACAAATAAAGACCCTGCACAAAGCATCAGCCCTCTGAAAACATCCAGAAACAAATTCAACTGACTGTACTCAAATTACACCACAGTTAAAGGCACATCAGCCCACACAGATGAGCAAAAACGCAGGGAACTCTAAAAGCCAGAGTGTTTTCTTATTCCCAAATGA"
"297",">hg19_snp146_rs2718058 range=chr7:37841434-37841634 5'pad=100 3'pad=100 strand=+ repeatMasking=none "
"298","TATGAAGAATTTTTTTTTTTGATTGACCTAGCTAGAATCTTACCTATTTTCTAGGTCTTTTCAGAGAACGAGCATTGGGTTTCATTGATTTTTTCCTGTTAATTTCCTATCTTCAACTGTGTTGATTTATGTTGTAATTTTCATTATTTCTTTTTTTCTGATTACCTTGAATTTAATTTGCTCTTCCTTTTCTAGTTTCCT"
"299",">hg19_snp146_rs11039244 range=chr11:47466342-47466542 5'pad=100 3'pad=100 strand=+ repeatMasking=none "
"300","AGAGGTTGCAGTGAGCCGAGATCGCGCCACTGCACTCCAGCCTGGGCAACAGAGCAAGACACTGTCTCAAAAAAAAAAAAAAAAAAAAAAGTAAATAAATGTCCCTAACTGTGTGTCATATTACTACAACCACACACACAAATAATTATTTTGGCCGGGCGCAGTGGCTTATGCCTGTAATCCCAGCACTTTGGGAGGCCA"
"301",">hg19_snp146_rs12577643 range=chr11:47467072-47467272 5'pad=100 3'pad=100 strand=+ repeatMasking=none "
"302","CGGGAGGCAGAAGTGGCAGTGAGCCGAGATCGAGCCACTGCACTCCAGCCTAGGCAACAGAGCGAGACTGTCTCAAAAAAAAAAAAAAAAAAAAAAGCCAAAAGAACAGCAAAGAAATCTTAAACTTCATTCAGTTGTCTTTATTTTCTAGAGTAATATTGGTATTGTCTTTTGGAATTATTTTACGTATTTTGTAGGGTA"
"303",">hg19_snp146_rs12361415 range=chr11:47474046-47474246 5'pad=100 3'pad=100 strand=+ repeatMasking=none "
"304","CTGTGCTCAAGTGATCCGCTGGCCTGGGCATCCCAAAGTGCTGGGATTACAGGCGTGAGCCACCACGCCCAGCCTCTCTATAATTTTATATTAGTGAGGTTGTTTGCTGAATGTCTTTATTCTTCACTCAAATGAGGTCATATGGCTGGGCCCTAACCCAGGGCAGGACTTTGTCTCCTTCATTACTGACTGTATTCCCAG"
"305",">hg19_snp146_rs12224672 range=chr11:47500300-47500500 5'pad=100 3'pad=100 strand=+ repeatMasking=none "
"306","TCCTAGGTCAGGTTTACATAATAAGCAAAAAAATGTTTTCACAGAAACGATGCCAAACTCCCAAGACTGTTGTTAGCTGGGTCTGCTGGCCTGGGTGCTGCTGCTCCTCTGCAGCAGTGAAACACTTACCTCCCATTGGGTGGAGGCTGCTCAGGGTGTTGAGGTTCCCAGAGGAGGCAGTCTGCTGAAGGAGCTGCAAAT"
"307",">hg19_snp146_rs35188627 range=chr11:47504550-47504750 5'pad=100 3'pad=100 strand=+ repeatMasking=none "
"308","GAGACTGTAATCCCAACACTTTGGGAGGCTGAGGCGGGTGGATCACTTGAGCCCAGGAATTTTAGACCAGCCTGGGCAACATGGCAAAACGGTCGCTATTAAAAAAAAATACAAAAATTAACTGGGCGTGCTGGTGTGCACCTGTAGTCCCAGCTACTTGAGTGGCAGAGGTAGGGGGGATCACTTGAGCCTGGGTGGTTG"
"309",">hg19_snp146_rs7933019 range=chr11:47509037-47509237 5'pad=100 3'pad=100 strand=+ repeatMasking=none "
"310","CATGTAACTTCTCTGGAAAATACGACTTCTCATAAAGAAAGGTCATGTGCCATTTGACTCAACCTACCCTACTTGGAACACCAGGTGGTATATGAGACAAGAAGACAGATGGGGCTCTATACTTTTGCAGCCTGTAGTCTACCAGGAACTCTTTCTTTCCCTGCTCTCTCAGAATAAACCACTCCCTACTTCGTAGCCAGA"
"311",">hg19_snp146_rs6485758 range=chr11:47529924-47530124 5'pad=100 3'pad=100 strand=+ repeatMasking=none "
"312","CGAGACTCAGACTGCAAGCTAGTCAGGGAATCTCCAAGATAAAGAGAGCAAAAGGGAGATCTGGAGTTGTTAAGAAAGACCAATACACAAAAGGGTAAGGGACAGGTATCTTAAGTCCTGGAGAACATAGCAGCCCTCAGGGGGCTAGGAACATTTTAACTGCCAGGCCAAGAGAAAGAAAAAAAAATGAATTTCTTTAAA"
"313",">hg19_snp146_rs11039266 range=chr11:47532295-47532495 5'pad=100 3'pad=100 strand=+ repeatMasking=none "
"314","CTCACAAAGTGCTGGGATTACAGGTGCAAGCCCCCGCATCTGGCCAACTCACTCTTAACTAACAACTGTTAGTAAGCAACCTTAAAATTCCTTGAAAAACTTCCTTGATATAAGACAGGGAGCTAATAAAGAATTTAGCCAGGAAGAAAAAGAATTTAGCTGGGTACAGTGGCTCATACCTATAATCCCAACACTCTGGGA"
"315",">hg19_snp146_rs59288626 range=chr11:47534914-47535115 5'pad=100 3'pad=100 strand=+ repeatMasking=none "
"316","AACTTTCCTGAATTGAGACATACTTGCACTTCCTAGTTTTTTGGGGGTTTTCCCCCCTGAAATTGCAGGTACTGTAAAAGCAACATGTGGGCAGCACCCCCTCTTTTTTTTTTTTTGAGACAGAGTCTCGCTCTGTCACCCAGGCTGGAGTGCAGTGGCGTGATCTCAGCTCACTGCAAGCTCCGCCTCTCGGGTGCATGCC"
"317",">hg19_snp146_rs10838725 range=chr11:47557771-47557971 5'pad=100 3'pad=100 strand=+ repeatMasking=none "
"318","ATTAGCTGGGCATGGTGCCAACGGCCTGTAGTAGCTCTTCTGGAGACTGAGGCACGAGAATTACTTGAACCCGGGAGGCGGAGGTTGCAGTGAGCCAACATTGCACCACTGTACTCCATCGTGGGCGACAAGGCGAGATTGTCATAAATAAATAGATAGATAGATAGACAGACTGATAGATAGTTTCCCAATGCTATCTAT"
"319",">hg19_snp146_rs61895112 range=chr11:47560333-47560533 5'pad=100 3'pad=100 strand=+ repeatMasking=none "
"320","AAAACAAAATCACGTTAGAAGCGCTAAACTGTCTTTCTCAGAGCTTCCCCCTCTCCCTTATTAACATTTCTCAAAGAGAAAAACACCACTGTGATGCTCCTCTCACAGATCATTCATGAAGTTACTGAGCTGGGACCAGAGAGACTCCATCAACTGGGCACACAGCCATTCACCATTACCCTTTGTTTAAAGTCTCAACAG"
"321",">hg19_snp146_rs11039284 range=chr11:47564685-47564885 5'pad=100 3'pad=100 strand=+ repeatMasking=none "
"322","GTAGCTCATGCCTGTAATCCCAGCACTTTGGGAGGCCGAGGCAGGAGGATTGCTAGAGACCAGGGGGTCAAGACCAGCCTGGGAAACATAGTGGGACCCCATCTCTACAAAAAATAAAATTAGCCAAGCGTGGTGTTGCGCACCTATAGTCCCGGCTACTTGGGAGGCTGAGGTGGGGAAGAATCACTTGAGGCCTGGGAG"
"323",">hg19_snp146_rs10838726 range=chr11:47568244-47568444 5'pad=100 3'pad=100 strand=+ repeatMasking=none "
"324","TATATTATAGGTATAAAGCAAAGGCAGGAACTTGTCAATTCTTATCCTCTTCATGTGATACTTTTTCAGCACACATTTTTTGAAAACGCTGTGCCAGGCACAGTGGCTCACACCTGTAATTGCAGAACTTTGGGAGGCTGAGGTGGGTGAATCACCTGAGGTCAGGAGTTCAAGACCAGCTTGACCAACCTGGAGAAACCT"
"325",">hg19_snp146_rs12225051 range=chr11:47571867-47572067 5'pad=100 3'pad=100 strand=+ repeatMasking=none "
"326","GAGGTCAGGAGTTCTAGATCGGCCTGGCCAACATGGTGAAACCCCATCTCTACTAAAAATACAAAAACCCTCTGGGCGCAGTGGTGGGCGCCTGTAATCACAGCTACTCGGGAGGCTGAGGCAGGAGAACTGCTTGAGCCCGGGGGACAGGGTGTGCAGTGAGCACTCCAGTATGGTTGACAGAGCAAGACTCCATGGCGG"
"327",">hg19_snp146_rs11039290 range=chr11:47572179-47572379 5'pad=100 3'pad=100 strand=+ repeatMasking=none "
"328","ATTTAACAATCATCTCTGAGTGGTGGCACTATGGGTGAGTTTCTTCATTTTTTGACTTACCTGTTTTTTTTTTATAGTGAATCTGTAACTTCTGTATTAAGAAAAATACACGGAAGTCTTTAGAAAAAAATCATTTTGGCTAAAAACTTCACTGTCTGCCTATTACATCATGGGTATTTCACCATGTTACTGAAGCTGAAC"
"329",">hg19_snp146_rs71475921 range=chr11:47573242-47573442 5'pad=100 3'pad=100 strand=+ repeatMasking=none "
"330","TAATCAAAGACAGTGAAAAGAACTTTAAAAGGTGAAGTTCCGGGCGGGGGCGGTGGCTCACGCCTGTAATCCCCAGCACTCTGGGAGGTCGAGGCGGGTGGATCACCCGAGGTCAGGAGTTCGAGACCATCCAGCCTGATCAACATGGTGAAACCCCGTCTATACTAAAAATACGAAAATTAGCCAGGCCTGGTGGCACAT"
"331",">hg19_snp146_rs11039297 range=chr11:47581343-47581543 5'pad=100 3'pad=100 strand=+ repeatMasking=none "
"332","CAGGAGTTCGAGACCAGCCTGGCCAACGTGGTGAAACCCCATCTCTACTAAAAATATAAAAATTAGCCAGGCATTTTGGTGCATGCCTATAATCCCAGCTGCTCAGGAGGCTGAGCCAGGAGAATCGCTTGAACCCAAGAGGCAGAAGTTGCAGTGAGGAGAGATCATGCCACTGTATTCCACCCTTGGTGACAGAGCAAG"
"333",">hg19_snp146_rs2280231 range=chr11:47600338-47600538 5'pad=100 3'pad=100 strand=+ repeatMasking=none "
"334","TAGCGTAGAACCCAAAACGCCCGCCCCCTCCCCTCCTCTCACCCGCCTGGTTCTTCAGCGTCCTCGCCTTCTCTCTAGGCTCTGCCACAAGGAGCTAGGACCACGCTCACCTCACGATTTCCCTACCTGCCTGTCTCGCTTTCTCACCTGCGTTCCCTCCTTTCATCCCGGAGCCCGGAACCTCCGCTTCCGGCTCCACGT"
"335",">hg19_snp146_rs12287076 range=chr11:47606765-47606965 5'pad=100 3'pad=100 strand=+ repeatMasking=none "
"336","TGATCCACACTGGCCTCCCAAAGTGCTGGGATTATAGGCGTGAGCCACCACACTCAGCCGGAGGTCTATTTTAATGGGACTAAAGAGTGTAGTTGCAGACGTGGTGGCCTGCAGGCATGGATGTATTTCTGAGAGGGATTCTGGAGCTGTAACTGAAAGTTCTCACAGTCCACAGGGTTCAGGATGGGTGTGGCATGGTAG"
"337",">hg19_snp146_rs10838731 range=chr11:47607035-47607235 5'pad=100 3'pad=100 strand=+ repeatMasking=none "
"338","TTCTTCTTCTTTTTTTTTTTTTTTTGAGATGGAGTTTTGCTATTGTTGCACAGGCTGGAGTGCAATGGCATGATCTTGGTTCACTGTGACCGCCGCCTCCCGGGTTCAAGCAACTCTGCCTCAGCCTCCCGAGTAGCTGGGATTACAGGCTTGCGCCACCACGCCCGGCCAATTTTGTATTTTTAGTAGAGATGGGGTTTC"
"339",">hg19_snp146_rs71457224 range=chr11:47624280-47624479 5'pad=100 3'pad=100 strand=+ repeatMasking=none "
"340","CGGCTCACTGCAACCTCCGCCTCCTGGGTTCATTCTCCTGCCTCAGCCTCCCGAGTAGCTGGGACTACATGCGCCCGCCACCACGCCCAGCTAATTTTTTGTATTTTTAGTAGAGACGGGGTTTCACCATGTTAGCCAGGATGGTCTCGATCTCCTGACTTCGTGATCCGCCCGCCTCAGCCTCCCAAAGTGCTGGGATT"
"341",">hg19_snp146_rs10769282 range=chr11:47626392-47626592 5'pad=100 3'pad=100 strand=+ repeatMasking=none "
"342","TGTGTACTTGGAATGAATACCTCTGAGGGGATCTATTAGAAACCATTAACAGCAGTTGCTGTTAATATGTCTCCCATATTTTTCTTTTTTGTTTTTTTTGTTTTTTTTTGAGACGGAGTCTTGCTCTATCTCCCAGGCTGGAGTGCAGTGGCGAGATCTTGGCTCACTGCAAGCTCCGCCTCCCAGGTTCACGCCATTCTC"
"343",">hg19_snp146_rs7118178 range=chr11:47659035-47659235 5'pad=100 3'pad=100 strand=+ repeatMasking=none "
"344","CTAAAACAAGCAAGAGGTTTTTTTTTTCTCTTCTAGAGAAGAGATCATGAATACTGCCAGAGCCCAGAGAAAAATTCTTGCAAGAGGAATTTTTTGTGGCGTATTTTGGAAATAGAATGTGAGCTAGGTGAAAATAAAATTATCAATTGAGAGCTCCTTCTTGTGTAACCACCAGTTTTATTGTTTTCTTATTTTTTAATG"
"345",">hg19_snp146_rs7120548 range=chr11:47662832-47663032 5'pad=100 3'pad=100 strand=+ repeatMasking=none "
"346","CATTCTAATCAGTCTTTGTTCTAAGTACAAAGAATTTATTTGCAATAGCCTTTAACATATGGAATCTGAATTCACACAGGTCTACTCAGCAAGAAATAATTTGGATTCCCAACAACTCAAGAATAAGAAATGGGGCCCTCTCTAGTGTCTTGCCTATTTTTTACAGAAAAGTAGACGGCGAGACAGGGGTTCTAAAAACTG"
"347",">hg19_snp146_rs11039332 range=chr11:47695740-47695940 5'pad=100 3'pad=100 strand=+ repeatMasking=none "
"348","AGGGGGATAAGGAGTGGCAGGAGGGTGAAGGAGGGGAGTAAGTTGTAGCATTAGAGTAATGTGTGTAGGTCATGTTGAAAAAGGCAGCATTTGGCTGGGCGCGGTGGCTCACGCCTGTAATCCCAGCACTTTGGGAGGCCGAGGTGGGCAGATTGCCTGAGGTCAGGAGTTCGAGACCAGCCTATCCTAGGCAACACAGTG"
"349",">hg19_snp146_rs12365079 range=chr11:47696496-47696696 5'pad=100 3'pad=100 strand=+ repeatMasking=none "
"350","GGCTGGTCTTGAACTCCTGACATCAGGTGATCTGCCAGCCTCGGCCTCCCAAAGTCCTGGGATTACAGGTGTGAGCCACCGCGCCTGATTTAGGTTTTTTAAAAAATCACTCTTCTGCTTTTTTTCAGCCTTGCTAGTCCCTTCGTCTCAGTCGCCTTTGCTGGCTCCTCCCCTATTAAAGTTGTATTATCCAGCTCAAAC"
"351",">hg19_snp146_rs147311748 range=chr11:47700068-47700268 5'pad=100 3'pad=100 strand=+ repeatMasking=none "
"352","GTAGAGATGGGGGTTTCACCGTGTTGGTCAGGCTGGTCTCGAACTCCTGACCTTGTGATTTGCCAGCCTTAGCCTCCCAAAGTGCTGGGATTAGAGGTGTGAGCCACTGCACCCGGCCTGATGATGATTATTATTAGTTTTTTGTTTGTTTGTTTGTTTGGGAAGACATAATTAATGAGGCAAGACCTCAGAAAGGCCATA"
"353",">hg19_snp146_rs12807014 range=chr11:47759978-47760178 5'pad=100 3'pad=100 strand=+ repeatMasking=none "
"354","GTGGTGCTGGGCGCCTGTAATCCCAGCTACTCAGGGGGCCGAGGCAGGAGAATCGCTTGAACCTGGGAGGTGGAGGTTGCAGTGAGCCGAGATTGCACCATTGCAGTCCAGTCTGGGCAACAAGAGCAAAACTCCGTCTAAAAAATCATCATAATTTTTTAAAAAGCCAAAAATACCTCAAATGTGAAAACCGTGACTTTG"
"355",">hg19_snp146_rs11039364 range=chr11:47769520-47769720 5'pad=100 3'pad=100 strand=+ repeatMasking=none "
"356","CGTGGTGGCTCATGCCCGTAATCCCAGCACTTTGGGAGGCCAAGGTGGGAGGATCACATGGTCAGGAGTTCGAGATCAGCCTGGCCAATATGGTGAAACCCCGTCTCTACTAAACTACAAAAATTAGCCGGGCGTGGGACAGGCGCCTGTACTCCCAGCTACTCGGGAGGCTGAGGCAGGAGAATCGCTTGAACCCGGGGG"
"357",">hg19_snp146_rs7927445 range=chr11:47780654-47780854 5'pad=100 3'pad=100 strand=+ repeatMasking=none "
"358","TAGAGACGGGGTTTCACCATGTTGGCCACGCTGGTCTCGAACTCCTGACCTCAAGTGATCTGCCCTTTTTGGCCTCCCAAAGTGCTGGGATTACAGGTGTGAGACCTGCGCCTGGCTTTTTTTTTTTGGTATGGAGTTTCGCTCTTCTTGCCCAGGCTGGAGTGCAATGGTGCAGTCTTGACTCACTGCAACCTCTGCCTC"
"359",">hg19_snp146_rs12223593 range=chr11:47788982-47789182 5'pad=100 3'pad=100 strand=+ repeatMasking=none "
"360","CCAGCGGAGCACGCGCTTGCGCAAGCGCCTCGGACCCTTCGGCTCTTCTGGCTCCTCCTCACCAGGAGAAAGGGCGGGATTACCAACTGCGCTAGGCGATTGGCTGTTTTGACCCAGAGAAGGGACCGGTGGCCAATGGAAAAGGAAAAAGGGTGAGAGTCCAGCCAATAGTGCGGTAGGGCCTGAATTAGAACGACTTCC"
"361",">hg19_snp146_rs71457231 range=chr11:47798095-47798294 5'pad=100 3'pad=100 strand=+ repeatMasking=none "
"362","TCCTTAAAAACTCTGATCCCTGAGTTTTCAGGGAAACTGATTTGAGTAATAATAAAACTCCAGTCTCCCGCACAGCTGGCTCTGCGTGAATTACTTTCTCTTTTTTTTTTTTGAGACAGAATTTCACTGTTGTTCCATGCTGGAGTGCAATGGTGCGATCTCGGCTCACTGCAACCTCTGCCTCCCATGTTCAAGCGATT"
"363",">hg19_snp146_rs7114011 range=chr11:47811209-47811409 5'pad=100 3'pad=100 strand=+ repeatMasking=none "
"364","CAGCAATGTAATTATTATATATAATATATAGTATATAACGTTACTACTATGTATAGTATATAACAATGTAACTGTATATGTTACAATATAACTACTGTCTAAATTGCATGTATAGTTGACCCTTGAACAATGCAGGGTTTAGGGATGCTGGCTCCTGAGCAGTTGAAACTCTGCATATAACATTTCATTACCCAAAAACTT"
"365",">hg19_snp146_rs11039398 range=chr11:47822117-47822317 5'pad=100 3'pad=100 strand=+ repeatMasking=none "
"366","GTACTTTTAGTAGAGATGGGTTTCACCATGTTGGTCAGGCTGGTCTCGAACTACTGACCTCGTGATCCGCCCACCTCAGCCTCCCAAAGTGCTGGGATTACAGGTGTGAGCCATCGCGTCCGGCCAAGGGTTATTAAGAGCTACAAATCTACTTCAGTGTAAATTCATTTATCTAATAAGCAATTAACAAAACAGTGAAGA"
"367",">hg19_snp146_rs10458914 range=chr11:47835926-47836126 5'pad=100 3'pad=100 strand=+ repeatMasking=none "
"368","CTCTATTAAAAATACAAAACTAGCCAGGTGTGGTGGCGCGTGCCTATAATCCCAGCTACTCTGGAGGATAGGCAGGAGAATCGCTTGAACTCAGTAGGCGGAGGTTGCAGTGAGCCGAGATTGCACCACTGGACTCTAGCCTGGGCGACAGAGCAAGACTGTCTCAAAAAAAAAAAAAAGATTGGATCCTGGATCAGGAAA"
"369",">hg19_snp146_rs7131262 range=chr11:47836202-47836402 5'pad=100 3'pad=100 strand=+ repeatMasking=none "
"370","ATATAAGCTGTATAATATTATGTCAATATCAAATAACCTGATTTTTAAATTGGGCTGTGGTTATTTAATATCTGTGTTCTTAGATACATGCTGAAATATTTAAGGATATTTAAGGATAAAGGAGCATGATATCTACAACTAACTTCTCAGTAGTTCAGGAAAAACTGTTTAGAGAAAGAAGAAAAGCATATGGAAGTTAAC"
"371",">hg19_snp146_rs7934481 range=chr11:47883237-47883437 5'pad=100 3'pad=100 strand=+ repeatMasking=none "
"372","TCCCGCCTCAGCCTCCTGGGTAGCTGGGACTACAGGCACATGCCACCATGCCTGGCTAATTTTTAAATGTTTTGTAGAGATGGAATCTCTCTATGTTGCCCAAGCTAGTCAGGAATTCCCCTTGACAGTTTTGAGAAGTACTGAACAAGTATTTTGTAGAATGTCTTTTGTCTGATTTTTCTCTTAAAAAATCATGATTAG"
"373",">hg19_snp146_rs6485795 range=chr11:47929746-47929946 5'pad=100 3'pad=100 strand=+ repeatMasking=none "
"374","GCATGAATATTACTGATGCCAATAAAAGGAAAATGAAACAAAAACCTTGGCGATTGTTGTATATTAAGTCAAACCGAATAGCCCATTTGTCTGTCTATTTGGAGGCAGCAGGAAATAGTGGAAAGATCATGTGTGTTAGAGCCAGGCAGACCTGAGTTAAAGTCATTACTAGAGCTATGAAAGAGTTATGTGGTCTTGCAC"
"375",">hg19_snp146_rs2293576 range=chr11:47434886-47435086 5'pad=100 3'pad=100 strand=+ repeatMasking=none "
"376","TTCTGTCTGCCCTGGCTGAGTGGGGGGCATCTAATGTCACCTCTCCCTCCTTCTCCTGGCCCTAGGCCCCCAACAAAGACCCCACTGCTGCTGCCGCCGCGCTCAATGGAGGCCACTGTCTGGCCCAGCCGGCTGCAGAGCCCGGCCTCGGTGCCGTGGTCCGGAGCATCAAAGTGAGTGGCCTGCTCAGGGCCCCTGCAG"
"377",">hg19_snp146_rs11039283 range=chr11:47563254-47563454 5'pad=100 3'pad=100 strand=+ repeatMasking=none "
"378","GAAAGAAAGAAAGAAAGAAAGAAAGAACGAAAGAAAGAACGAAAGAAAGAAAGAACGAAAGAAAGAACGAAAGAAAGAACGAAAGAAAGAACGAAAGAAAGAAAGAAAGAAAGAAAGAAAGAAAGAAAGAAAGAAAATGGAAACTACTGACCCTTCGAAATTAAAAGTATAACAGTACAAAATTACACAGCCCAGGAATCA"
"379",">hg19_snp146_rs12577383 range=chr11:47774138-47774338 5'pad=100 3'pad=100 strand=+ repeatMasking=none "
"380","ATTTCCTAAGCTCAGGAGTTCGAGACCAGCCTTGGGCAACACAGTGAAACCACGTCTCTACTAAAATACAAAAGAGAAATTAGCCAGGCATGGCAGTGTGCGCCTGTAGTCCCAGTTACTCAGGAGGCTGAGGGAGGAGAACTGTCTGAACCCAGGAGGTGGAGGTTGGAGCGAGCCAAGATCGCGCCAGTGCACTCCAGC"
"381",">hg19_snp146_rs6064392 range=chr20:54984668-54984868 5'pad=100 3'pad=100 strand=+ repeatMasking=none "
"382","AGACTCACTTGTCTCAGAAAAGAAAATTCGGTCCAAACTACTGTTCTTGATAGCACATTTGCCAAGAGCATTAAGATTACCTCACTAGAGTCCTTCTGACGTAGTTCCCTTGAACTCCAGCTGTTTCAGCCTTCAGACAACCGGATATTATGCAAGCACCCAGTTTCCTAGACTAATAGTTCTTGCAATGTTTGTCCACAT"
"383",">hg19_snp146_rs17462136 range=chr20:54987116-54987316 5'pad=100 3'pad=100 strand=+ repeatMasking=none "
"384","TGTGTGTTCATACACTGAGCTCTTCGAAGTAGGAACTTCGCCCTATAAAGCAGAAGAGTGGTGTTTTTTTCTTCTTCTTCTTCTTTTGTGGTTTCACATAGCAAATGAGTGACAGTCTCTACTTACAGACAAAGTGAGACGTCAGGCATTGAGACGTGAGTGTGGCTTGTATTTCTGGTCCTCCCCTGCTTCACTGCTTTC"
"385",">hg19_snp146_rs73156368 range=chr20:54987972-54988172 5'pad=100 3'pad=100 strand=+ repeatMasking=none "
"386","TCCCGTGCTGAGCCCACAGTGGGCACTTACATGTTATTTTCATGTTAACTTGTGCATTATGTGAGCAAAGCTGGAGCTTTCAGACAGACTTCATGCCTGTCATGAATCAAAAAAGATTCACTATTTAGAAAGGTGAAAGAAGCCAGGCACGGTGGTACATACCTGTACTCCAGCTACCGGAGAGGCTGAGGTGAGAAGATT"
"387",">hg19_snp146_rs6014722 range=chr20:54989733-54989933 5'pad=100 3'pad=100 strand=+ repeatMasking=none "
"388","GCGGTGGCTCATGCCTGTAATCCCACCACTTTCAGAGGCTGAAGCGTGTGGATCACCTGAGGTCAGGGGATTAGCCTGGCCAAAATGGTGAAACCCCATCTCTAGTAAAAATACAAAAAAATTAGCTGGGCATAGTGGTGCACGTCTGTATTCCCAGCTACTCGGGAGGCTGAGGCAGGAGAATTGCTTTATATATATATA"
"389",">hg19_snp146_rs6069737 range=chr20:54995599-54995799 5'pad=100 3'pad=100 strand=+ repeatMasking=none "
"390","CATGCCCATCTAATTTTTTTTTTTTTTTTTGTAGAGATGAGGGGCTCTCCCTATATTGCCCAGGCTTGTCTCGAACTCCTGACCTCAAGCAGTCCTCCTGCCTCAGCCTCCTAAAGCACTGAGATTACAGGAGTGAGCCACCACACCCGGCCCAGGTTCAAAAGTGAGAGTCTCCCCACGGTTGAAAGGGGAATAGAAGCA"
"391",">hg19_snp146_rs6024870 range=chr20:54997468-54997668 5'pad=100 3'pad=100 strand=+ repeatMasking=none "
"392","ACATACAGTAGGTGCTTGATAAATAATTGCCAATTCAATGAAGCCTTAAGTGCAGCTTAGCAAGGTTTCCATGAGTAGAGGAAGTATATTAAAGCATGTCGATCTGGGTAACACCCAAACCTGCTGGAAAAGCACAGTATTCAGGTATCAGGGAAGCAAATGTTTCATTTCCACTGGGTGGCTTTGGAATTTTTTTCTGGC"
"393",">hg19_snp146_rs6014724 range=chr20:54998444-54998644 5'pad=100 3'pad=100 strand=+ repeatMasking=none "
"394","GGTAATGATGGTTTCCAAATGACTGTCACACCATGGGAAACAATTGAAAGTTGCATCAGGTTTTGAAACCAAAAAGGGAGACCTTATATTTTTGTTTAGAAAGTTATATTCTATTCTATTAAGTTTTGTTTTAAAGCTTAAACATTACTTTATTTTATTTATTTATTTATTTATTGAGATGGAGTGTTGCTCTGTTGCCCA"
"395",">hg19_snp146_rs718022 range=chr20:55003365-55003565 5'pad=100 3'pad=100 strand=+ repeatMasking=none "
"396","GTAGAGACAGCCTCAAACTGTGGGGCAGCTTAGACATAGTCTTGACAACTCAACAGGGGCTTTGGGGTAAAGATTGCCCATTCAGTGAGTCCTGCATTGGGCAGGAACACCCAGGCCCCCTGACTATTAACGTTGAGTTTGCAAAGGAAATCTGGATGGGGTCTCTAAGACCTCAGCTGCGGGCTGGACTCAGCAGCAGAA"
"397",">hg19_snp146_rs56012565 range=chr20:55005124-55005324 5'pad=100 3'pad=100 strand=+ repeatMasking=none "
"398","ACACGTGATGCTCAATACAATCTTGGTGAATGAATGAATGAATGAATTGCTCCCCAGATTTCTCCAAGTGCAGCTAAGACCACTGTATCCTTGGCTGCTCGGGTTTAGATGAGCACATTGCACCTGCCAGCTGTGGAAAGGTCTCTGCACTGAGGTTATCATCAGCATGAAGGCAGTGAGTCTCTTATTCTTCACGTTTGT"
"399",">hg19_snp146_rs79181856 range=chr20:55007854-55008054 5'pad=100 3'pad=100 strand=+ repeatMasking=none "
"400","GGATAATGATTCCGTGTGCAGACTAGTTACGCCTTGAGGTTTATCTTCTGGACATGGCTGGTGGTCATTCTTACCGAAGGTCATCCAAAAGTGTGGGCAGGGGCGTCACAGAAATCTTCCCTCTTACCCTACTCCAGACAGAAATAGGAGCGCTCATCCTGGTGTTTGTGATTTCTTACCTCTTAAAGACTTGAAAATGGG"
"401",">hg19_snp146_rs6099146 range=chr20:55009754-55009954 5'pad=100 3'pad=100 strand=+ repeatMasking=none "
"402","CCTACCAAAGTGCTGGGATTACAGACATGAGCCACTGTGCCCGGTCCCACAATTTATTTTTAAGTGGGAAAAAAAAGCAGATTATAAAATTGTGTGTTTCATATTATGCCATTAGATTTTAAAACTTTAATGATGACTCTAGGTGTGTATGTGAACAACTATGCAAAAGAAAAGATCTGGAAACACAAAAACCGAAGGATT"
"403",">hg19_snp146_rs76842328 range=chr20:55012892-55013092 5'pad=100 3'pad=100 strand=+ repeatMasking=none "
"404","GGGAAATGGAATGCTTAGCTGAGCTGTGTGGGAAGGCACTGAGGATGTTCGTGGCACCCTTTTCACAGGATGAAGGATCACCAGGACTGCCAGTGACAAATGGGAGGGTGGGGTTTCCATGGGTTCAGAGGCAAGAAGTTACACATCGCATTTAAAATGTATATTCCAGGCTGGGCATGGTGGCTTACACCTATCTATATT"
"405",">hg19_snp146_rs927174 range=chr20:55015066-55015266 5'pad=100 3'pad=100 strand=+ repeatMasking=none "
"406","ACACCAGCTTCCAAGGTTGTCTTCAAACAGGAAAGTGTTGATTCCTTAGAAGATTTTGAATACTTTACATTTTCTAACTCCCTGGGCTACAAGACATAGAACCAGACAGTTGTTACATAGAACAGCTGCCAGCACAGGCACTCGCTACAAACACCAGGAGGAAGCTGGTGGCGCCTTCTGAAGCAGTCAATGAGGTGGACA"
"407",">hg19_snp146_rs7274581 range=chr20:55018160-55018360 5'pad=100 3'pad=100 strand=+ repeatMasking=none "
"408","ACTGGCGGTACAGCCAGTGGTCCGGGACACTCACTCAAGGTCCCTGGGTGTGGCGGGTGCATAGCTTGTCAGACCGGGTAAGCAGCTTGGATTTCTGGCCTGGCGCGGTGGCTCACGCCTGTAATCCTTCCACTTTGGGAGGCTGAGGCAGGTGGATCACTTGAGGTCAGGAGTTCAAAACCAGCCTGGCCAACGTGGTAC"
"409",">hg19_snp146_rs113902203 range=chr20:55018369-55018569 5'pad=100 3'pad=100 strand=+ repeatMasking=none "
"410","CAAAAAAGTAGCGGGGTGTGGTGGCGGGCACCTGTAATCCCAGCTACTCGGGAGGCTGAGGCAGGAGAATCGCTTGAACCCGGGAGGTGGAGGTTGCAGTAAGCCGAAATGGCACCACTGCACTCTAGCCTGGGTGACAGAGCGAGACTCCGTCTCCAAAAAAAAAAAGAAGCTTGGATTTCATTCAAAATGCAATGGGAA"
"411",">hg19_snp146_rs16979933 range=chr20:55020457-55020657 5'pad=100 3'pad=100 strand=+ repeatMasking=none "
"412","GACCTTGTTGGTCCCTCCACCTTACATTCTTAAAGTCCCCTCTGCCTATTGCGTGCACTTCTCCAGCCTCAGCCTAGCTAGATGAATGTAGACGAATAGCTCAGTATCAGAGTCACAGCCTCCTGGTCCCTAGAGAACATCGGAATCACCTGGCAAGCTTGTTAACACTGCAGGTTCCCGGCCCCCCTCGACACCCAGAGA"
"413",">hg19_snp146_rs6069749 range=chr20:55021475-55021675 5'pad=100 3'pad=100 strand=+ repeatMasking=none "
"414","TATGTGTGTACATACACACACATTTTTTTAAATGATATTTTGAAGGATATGCACCACAGTCTTAACACGGATTATCACTGATTATCTTAACATTGATTATCTCTGGGGGAAGAAATTTTAGTTGTTTTTTTTTAACTTGTTTGTATATAAGTGGAATATCACATTTGTAAGACATGCTTCATGTGATCAAAAAATAGCTTT"
"415",">hg19_snp146_rs6024861 range=chr20:54984040-54984240 5'pad=100 3'pad=100 strand=+ repeatMasking=none "
"416","AGCCCTCCCAGTATTATCCCTGCAGCAGAATATTTGGTGAATTTGTGGGCAATTCATGAAATTCTTTTTTTTCTTTTTTCTTTAAGACAGTCTCACTCTCGCCCAGGCTGGAGTGCAGCGGTGCGATCTCCACTCTACTGCAGCCTCCACCTCCCGGGTTCAAATGATTCTTGTGCCTCAGCCTCCCAAGTAGCTGGGATT"
